distance,groupID,canteenTime,pastExperience,canteenExperience,canteen
0,1,0.476770519,0.6,0.6,0
0,1,0.375296852,0.525,0.6,1
0,1,1.488757046,0.55,0.3,0
0,1,1.382721116,0.6,0.4,1
0.9,1,0.115571934,0.575,0.8,3
0,1,2.501518555,0.625,0.9,0
0.5,1,1.627626844,0.55,0.4,1
0.9,1,1.112567134,0.775,0.5,3
0,1,3.516618427,0.675,0.8,0
0,1,0.321530674,0.475,0.7,3
0.5,1,2.686550319,0.425,1,1
0,1,4.52567351,0.625,0.7,0
0.5,1,3.674519083,0.8,0.1,1
0,1,1.332451539,0.65,0.6,3
0.5,1,1.34339731,0.475,0.8,0
0.5,1,2.354616985,0.625,0.4,0
0,2,2.195368785,0.55,0.6,0
0,2,3.207442822,0.725,0.7,0
0.7,2,0.810764036,0.65,0.6,0
0.6,2,0.968604896,0.4,0.6,5
0.7,2,1.82115083,0.625,0.9,0
0.6,2,1.978721073,0.675,0.8,5
0,1,0.599790248,0.675,0.7,0
0.9,1,0.320285316,0.575,1,3
0,1,0.891288049,0.525,0.5,1
0,1,1.67069399,0.6,0.4,0
0.9,1,1.327626632,0.775,0.1,3
0,1,2.650368347,0.625,0.5,0
0,1,1.905606321,0.6,0.4,1
0,1,0.845019491,0.475,0.5,2
0,1,0.768864602,0.475,0.5,3
0,1,3.68839026,0.625,0.5,0
0,1,1.917644417,0.825,0.6,2
0,1,1.793631334,0.65,0.4,3
0,1,4.70217099,0.55,0.6,0
0,1,2.906437635,0.45,0.6,2
0.5,1,1.846959903,0.475,0.4,0
0.5,1,2.825439851,0.625,0.4,0
0.6,2,0.240231749,0.4,0.5,5
0,2,2.363371433,0.55,0.5,0
0.6,2,1.250694499,0.675,0.4,5
0,2,3.37456653,0.725,0.5,0
0.7,2,0.381799217,0.625,0.5,0
0,3,0.4743044,0.6,0.4,2
0.7,2,1.392219359,0.65,0.9,0
0,3,1.482685503,0.725,0.7,2
0.6,3,0.024157875,0.6,0.7,5
0.6,3,1.034820554,0.475,0.6,5
0.6,3,2.045489644,0.775,0.6,5
0.5,1,0.296588829,0.475,0.5,1
0.5,1,0.318158811,0.75,0.5,1
0,1,0.471295772,0.825,0.5,2
0.5,1,1.313887913,0.5,0.5,1
0.9,1,0.944327027,0.575,0.6,3
0,1,1.476553317,0.45,0.5,2
0.5,1,2.328122744,0.65,0.7,1
0.5,1,2.339797645,0.625,0.5,1
0.9,1,1.956524673,0.775,0.6,3
0,1,2.509883932,0.475,0.9,2
0.5,1,0.46125499,0.625,0.6,0
0,1,0.723679917,0.65,0.4,3
0.5,1,1.488602238,0.475,0.9,0
0,1,1.741083362,0.475,0.6,3
0,2,0.571168354,0.55,0.5,0
0,1,0.433933055,0.525,0.5,1
0,2,0.40468266,0.475,0.1,2
0,2,1.584023696,0.725,0.5,0
0,1,1.444199819,0.6,0.5,1
0,2,1.418177198,0.475,0.5,2
0.9,2,0.24783776,0.725,0.7,3
0.9,2,1.260273368,0.45,0.7,3
0,3,0.62448474,0.55,0.6,1
0,3,0.249854913,0.6,0.8,2
0,3,1.636017394,0.55,0.9,1
0,3,1.274262981,0.725,0.8,2
0,3,2.645371647,0.325,0.6,1
0.5,1,0.528929766,0.625,0.7,1
0.5,1,1.540033741,0.65,0.6,1
0.9,1,0.889494986,0.775,0.3,3
0.5,1,2.55190141,0.5,0.6,1
0.9,1,0.36941696,0.8,0.6,4
0,1,0.209155129,0.45,0.8,2
0.9,1,1.90373443,0.575,0.6,3
0.5,1,3.565422157,0.75,0.5,1
0.9,1,1.380968607,0.525,0.5,4
0.5,1,0.56119164,0.475,0.5,0
0,1,1.260313995,0.825,0.5,2
0.5,1,4.604391266,0.475,0.7,1
0.5,1,1.56853537,0.625,0.7,0
0,1,2.256081216,0.475,1,2
0,1,5.06425541,0.6,0.4,1
0,2,0.149685826,0.725,0.8,0
0,2,0.229980105,0.475,0.1,2
0,1,6.075607628,0.525,0.6,1
0,2,1.160035081,0.55,0.5,0
0,2,1.240917017,0.475,0.4,2
0.9,2,0.6885245,0.45,0.7,3
0.9,2,1.699439102,0.725,0.4,3
0,3,0.38583757,0.6,0.6,2
0,3,1.399393465,0.725,0.5,2
0.5,1,0.542107221,0.65,0.5,1
0,1,0.003518297,0.45,0.4,2
0.5,1,1.584480145,0.475,0.7,1
0,1,0.681382554,0.475,0.7,4
0,1,1.017474167,0.825,0.6,2
0,1,0.103336233,0.475,0.7,3
0.5,1,2.596790757,0.75,0.8,1
0,1,1.697155411,0.6,0.4,4
0,1,2.048135332,0.475,0.4,2
0.5,1,3.617689704,0.625,0.2,1
0,1,1.137782687,0.65,0.1,3
0.5,1,0.47298197,0.625,0.9,0
0.5,1,4.628040204,0.5,0.5,1
0.5,1,1.49398712,0.475,0.5,0
0,1,1.851958417,0.525,0.6,1
0,2,1.691208689,0.55,0.6,0
0,1,2.834306869,0.6,0.8,1
0,2,2.704959749,0.725,0.8,0
0.6,2,0.529941509,0.675,0.7,5
0.6,2,1.541545068,0.4,0.9,5
0.7,2,0.660414283,0.65,0.7,0
0,3,0.293325468,0.725,0.9,2
0.7,2,1.671961404,0.625,0.9,0
0,3,1.304394431,0.6,0.4,2
0.5,1,0.360316465,0.625,0.4,1
0.5,1,1.413451622,0.475,0.7,1
0.9,1,0.760005461,0.575,0.6,3
0.5,1,2.422811126,0.65,0.6,1
0.9,1,1.788252797,0.775,0.5,3
0,1,0.91474772,0.45,0.7,2
0.5,1,0.115986497,0.475,0.7,0
0.5,1,3.437977928,0.75,0.5,1
0,1,1.197403619,0.65,0.7,3
0.5,1,1.174258242,0.625,0.7,0
0,1,2.00356188,0.475,0.6,2
0.5,1,4.470288869,0.5,0.9,1
0,1,2.161143964,0.475,0.4,3
0,1,2.965849303,0.825,0.8,2
0,1,0.23182591,0.525,0.8,1
0,2,0.53962168,0.475,1,2
0,1,1.242928098,0.6,0.6,1
0,2,1.558096968,0.475,0.7,2
0.5,2,1.940502556,0.55,0.9,1
0.5,2,2.952625506,0.55,0.5,1
0.6,2,0.531849172,0.675,0.4,5
0.6,2,1.539739716,0.4,0.5,5
0,3,0.394871967,0.325,0.5,1
0,3,0.642757107,0.725,0.4,2
0,3,1.413590937,0.55,0.2,1
0,3,1.655584138,0.6,0.4,2
0,3,2.424228218,0.55,0.6,1
0,1,0.536453793,0.625,0.5,0
0,1,0.203358093,0.825,0.6,2
0,1,1.538580777,0.625,0.5,0
0,1,1.216387067,0.45,0.5,2
0,1,0.277942549,0.475,0.5,4
0,1,2.553649165,0.55,0.7,0
0,1,2.22714909,0.475,0.5,2
0,1,1.290663175,0.6,0.6,4
0,1,3.581947399,0.675,0.5,0
0,1,0.687865088,0.475,0.4,3
0,1,4.584133986,0.6,0.7,0
0,1,1.703436125,0.65,0.4,3
0,1,0.02769393,0.6,0.6,1
0,2,0.302783015,0.55,0.8,0
0,1,1.037636569,0.525,0.7,1
0,2,1.316080572,0.725,0.7,0
0.6,2,0.170934938,0.4,0.5,5
0.5,1,1.967325598,0.625,0.9,0
0.6,2,1.182086765,0.675,0.7,5
0.5,1,2.978767738,0.475,0.7,0
0.7,2,0.850777227,0.625,0.6,0
0,3,0.379941273,0.55,0.5,1
0,3,0.442835555,0.6,0.7,2
0.7,2,1.86130282,0.65,0.9,0
0,3,1.39155189,0.55,0.5,1
0,3,1.450059451,0.725,0.4,2
0,3,2.402048275,0.325,0.6,1
0,1,0.384170212,0.625,0.6,0
0,1,0.112472569,0.6,0.5,1
0,1,1.400046646,0.55,0.4,0
0,1,0.254446032,0.6,0.4,4
0,1,1.149769766,0.525,0.8,1
0,1,2.422199931,0.6,0.6,0
0,1,1.287615873,0.475,0.6,4
0,1,0.208259204,0.475,0.7,3
0.5,1,1.174893281,0.55,0.4,1
0,1,3.480175727,0.625,0.2,0
0,1,1.234550343,0.65,0.5,3
0.5,1,2.204207079,0.425,0.6,1
0,1,4.487676693,0.675,0.5,0
0.5,1,3.221399664,0.8,0.5,1
0.5,1,0.945711821,0.625,0.5,0
0.5,1,1.961541057,0.475,0.5,0
0.7,2,2.287470087,0.625,0.7,0
0,2,0.748813336,0.5,0.4,1
0.7,2,3.298817303,0.65,0.7,0
0,2,1.760752522,0.525,0.5,1
0,2,4.057286324,0.55,0.5,0
0,2,5.072042683,0.725,0.5,0
0,3,0.421160165,0.325,1,1
0,3,0.74253617,0.725,0.5,2
0,3,1.43230738,0.55,0.4,1
0,3,1.754325152,0.6,0.5,2
0,3,2.4418746,0.55,0.7,1
0.5,1,0.112107123,0.625,0.3,1
0.5,1,1.11982651,0.475,0.3,1
0.9,1,0.729115403,0.575,0.2,3
0,1,0.893804323,0.45,0.7,2
0.5,1,2.147672657,0.65,0.7,1
0,1,1.905070235,0.825,0.7,2
0.9,1,1.752802812,0.775,0.8,3
0.5,1,3.189621092,0.75,0.1,1
0.5,1,0.913675409,0.625,0.5,0
0.9,1,0.906591752,0.8,0.5,4
0,1,2.936090648,0.475,0.2,2
0.5,1,1.924417087,0.475,0.7,0
0.9,1,1.912110907,0.525,0.5,4
0.5,1,4.233363993,0.5,0.8,1
0,2,0.465045438,0.55,0.7,0
0,1,0.128323532,0.525,0.5,1
0,2,1.478970651,0.725,0.7,0
0,1,1.138953039,0.6,0.8,1
0.7,2,0.661943822,0.625,0.7,0
0.9,2,0.236894694,0.45,0.7,3
0.7,2,1.672276843,0.65,0.6,0
0.9,2,1.249694935,0.725,0.4,3
0,3,0.189389729,0.725,0.6,2
0,3,0.453706971,0.325,0.8,1
0,3,1.199241257,0.6,1,2
0,3,1.466286212,0.55,0.5,1
0,3,2.478000054,0.55,0.6,1
0,1,0.407164018,0.525,0.2,1
0,1,0.32841626,0.625,0.7,0
0,1,1.45298984,0.6,0.5,1
0,1,1.370821079,0.55,0.6,0
0.9,1,0.521591667,0.775,0.6,3
0,1,0.677279645,0.475,0.4,2
0,1,2.385436601,0.6,1,0
0.9,1,1.535011307,0.575,0.5,3
0,1,1.69660749,0.825,0.5,2
0,1,3.415832554,0.625,0.4,0
0,1,1.104035913,0.475,0.6,3
0,1,2.738958074,0.45,0.1,2
0,1,4.453518306,0.675,0.6,0
0,1,2.116428984,0.65,0.9,3
0.9,2,0.650848478,0.45,0.7,3
0.9,2,1.667426508,0.725,0.5,3
0.6,3,0.327472616,0.775,0.8,5
0.5,1,7.357955418,0.475,0.4,0
0.6,3,1.340368991,0.475,1,5
0.5,1,8.362661984,0.625,0.6,0
0.6,3,2.353931212,0.6,0.7,5
0,2,7.485588823,0.55,0.6,0
0,2,8.496290698,0.725,0.7,0
0,3,0.50479917,0.725,0.5,2
0.7,2,9.488255135,0.65,0.6,0
0,3,1.514653282,0.6,0.6,2
0.7,2,10.497847233,0.625,0.7,0
0,1,0.629317517,0.6,0.6,0
0,1,1.682719745,0.55,0.5,0
0,1,0.558841376,0.825,0.7,2
0.9,1,1.003625857,0.575,0.2,3
0,1,2.735300018,0.625,0.2,0
0.9,1,1.973961495,0.775,0.7,3
0,1,1.590574911,0.45,0.4,2
0,1,3.759350722,0.675,0.7,0
0,1,2.608211493,0.475,0.7,2
0,1,2.368971891,0.65,0.2,3
0,1,0.612844247,0.6,0.7,1
0,1,4.735414133,0.625,0.6,0
0,1,3.375424284,0.475,0.8,3
0,1,1.624608346,0.525,0.6,1
0,2,0.63913518,0.725,0.7,0
0,2,1.661969793,0.55,0.6,0
0.5,1,2.374065486,0.475,0.5,0
0.6,2,0.072342018,0.4,0.8,5
0.5,1,3.39221886,0.625,0.6,0
0.6,2,1.084069421,0.675,0.3,5
0,3,0.61044707,0.725,0.2,2
0.7,2,1.000091242,0.625,0.7,0
0,3,1.62107992,0.6,0.7,2
0,3,0.931615424,0.325,0.6,1
0.7,2,2.009216122,0.65,0.4,0
0,3,1.941659161,0.55,0.5,1
0,3,2.952410477,0.55,0.8,1
0,1,0.420207084,0.625,0.7,0
0,1,0.803162056,0.525,0.3,1
0.9,1,0.137698291,0.775,0.3,3
0,1,1.430881134,0.55,0.9,0
0.9,1,1.176616803,0.575,0.2,3
0,1,1.858997906,0.6,0.5,1
0,1,2.459582868,0.625,0.6,0
0.9,1,0.280529316,0.525,0.5,4
0.5,1,2.126149683,0.55,0.7,1
0,1,3.474656538,0.6,0.5,0
0.9,1,1.346277336,0.8,0.6,4
0.5,1,3.165678039,0.425,0.7,1
0,1,4.546893127,0.675,0.7,0
0.5,1,4.183984607,0.8,1,1
0.5,1,1.857654163,0.625,0.5,0
0.5,1,2.824060754,0.475,0.5,0
0,2,2.4991672,0.725,0.6,0
0,2,3.513978511,0.55,0.2,0
0.9,2,0.691363776,0.45,0.6,3
0.7,2,4.14335615,0.65,0.5,0
0.9,2,1.707554687,0.725,0.5,3
0.7,2,5.156380675,0.625,0.4,0
0.6,3,0.94182392,0.475,0.6,5
0.6,3,1.954114164,0.6,0.5,5
0.6,3,2.966085709,0.775,0.2,5
0.5,1,0.04982808,0.65,0.7,1
0,1,0.403030772,0.6,0.7,1
0.5,1,1.077970485,0.5,0.5,1
0,1,1.411297896,0.525,0.5,1
0.5,1,2.093952999,0.475,0.5,1
0,1,0.575897028,0.475,0.5,4
0,1,0.420262411,0.65,0.6,3
0.5,1,2.158151716,0.625,0.6,1
0,1,1.42900278,0.475,1,3
0,1,1.591458287,0.6,0.5,4
0,2,0.095695832,0.725,0.4,0
0,2,1.10426447,0.55,0.4,0
0.5,1,6.299347919,0.75,0.6,1
0.5,1,1.572897468,0.625,0.6,0
0.5,1,6.837016192,0.425,0.5,1
0.5,1,2.583663534,0.475,0.3,0
0.5,1,7.851745952,0.8,0.9,1
0.7,2,1.611981817,0.65,0.5,0
0.5,1,8.863513032,0.55,0.5,1
0,3,0.371109085,0.725,0.4,2
0.7,2,2.622362775,0.625,0.5,0
0,2,4.147175357,0.525,0.5,1
0,3,1.375900302,0.6,0.2,2
0,2,5.163154913,0.5,0.5,1
0,3,0.724050089,0.325,0.6,1
0,3,1.736174867,0.55,0.5,1
0,3,2.747207298,0.55,0.4,1
0,1,0.561688634,0.6,0.5,0
0,1,0.463436313,0.6,0.5,4
0,1,1.624997255,0.675,0.9,0
0,1,0.908073066,0.6,0.4,1
0,1,1.480804564,0.475,0.5,4
0,1,1.925773618,0.525,0.9,1
0,1,2.672124629,0.625,0.5,0
0,1,0.924543894,0.475,0.5,2
0.9,1,1.284479751,0.525,0.5,4
0,1,3.712401914,0.55,0.5,0
0,1,1.942841479,0.45,0.2,2
0.9,1,2.274441256,0.8,0.7,4
0,1,4.701062203,0.625,0.6,0
0,1,2.964693021,0.825,0.7,2
0.5,1,1.892675517,0.625,0.5,0
0,2,0.903229455,0.525,0.7,1
0.5,1,2.904578156,0.475,0.5,0
0,2,1.913137041,0.5,0.6,1
0,2,2.573030575,0.55,0.9,0
0,2,3.584372945,0.725,0.4,0
0.7,2,4.030771402,0.65,0.6,0
0,3,0.216880216,0.725,0.6,2
0.7,2,5.04232429,0.625,0.7,0
0,3,1.226832708,0.6,0.5,2
0,3,0.912732321,0.55,0.4,1
0,3,1.925075016,0.325,0.6,1
0,3,2.935635029,0.55,0.6,1
0,1,0.066521964,0.6,0.5,0
0,1,0.714431499,0.525,0.6,1
0,1,1.091289364,0.55,0.6,0
0,1,2.101829931,0.625,0.8,0
0,1,1.732516218,0.6,0.6,1
0.9,1,0.107949306,0.8,0.6,4
0,1,3.111055611,0.675,0.9,0
0.9,1,1.217857193,0.525,0.2,4
0,1,4.126576145,0.625,0.6,0
0.7,1,4.234805683,0.325,0.9,0
0.7,1,5.247140038,0.475,0.6,0
0,1,0.969843017,0.6,0.7,4
0.7,1,6.256187531,0.65,0.5,0
0,1,1.976977029,0.475,0.7,4
0.5,1,4.1473584,0.475,0.6,0
0.6,2,0.459086176,0.4,0.5,5
0.5,1,5.158777624,0.625,0.6,0
0.6,2,1.469422871,0.675,0.7,5
0,2,5.450777649,0.55,0.5,0
0.6,3,0.224158478,0.6,0.6,5
0,3,0.416010024,0.725,0.7,2
0,2,6.418121755,0.725,0.7,0
0.6,3,1.234329962,0.775,0.4,5
0,3,1.426296456,0.6,0.1,2
0.7,2,3.305961338,0.625,0.5,0
0.6,3,2.240893021,0.475,0.7,5
0.7,2,4.319295541,0.65,0.5,0
0,1,0.380327263,0.675,0.4,0
0.9,1,0.474234165,0.575,0.6,3
0,1,1.391431742,0.55,0.4,0
0,1,0.629725072,0.525,0.5,1
0.9,1,1.484999394,0.775,0.2,3
0,1,2.407054955,0.6,0.9,0
0,1,1.643049319,0.6,0.5,1
0.9,1,0.670547961,0.525,0.8,4
0,1,3.419277146,0.625,0.6,0
0.5,1,2.416695831,0.55,0.2,1
0.5,1,3.43939499,0.8,0.7,1
0,1,4.478156331,0.625,0.5,0
0.9,1,1.747332541,0.8,0.5,4
0.5,1,4.451500122,0.425,0.7,1
0.5,1,1.441999251,0.475,0.2,0
0.5,1,2.453956089,0.625,0.6,0
0,2,2.255436666,0.725,0.5,0
0,2,3.265756023,0.55,0.6,0
0,3,0.046608789,0.6,0.3,2
0,3,0.085447669,0.55,0.7,1
0.7,2,0.782343005,0.625,0.5,0
0.9,2,0.78706221,0.45,0.5,3
0,3,1.070877023,0.725,0.4,2
0,3,1.096643351,0.55,0.5,1
0.7,2,1.816592737,0.65,0.4,0
0.9,2,1.798071494,0.725,0.5,3
0,1,0.102994068,0.525,0.2,1
0,1,0.590766611,0.625,0.8,0
0,1,1.113659266,0.6,0.7,1
0,1,1.625330992,0.625,0.5,0
0,1,0.505602388,0.825,0.5,2
0,1,1.024536313,0.475,0.6,4
0,1,2.67173073,0.6,0.7,0
0,1,1.517223736,0.475,0.8,2
0,1,2.038972374,0.6,0.6,4
0,1,3.746387605,0.675,0.6,0
0,1,2.532281475,0.45,0.7,2
0,1,0.89761483,0.475,0.5,3
0,1,4.753732971,0.55,0.1,0
0,1,1.884498364,0.65,0.5,3
0.5,1,2.770044299,0.475,0.6,0
0,2,0.820194958,0.475,0.7,2
0.5,1,3.781319131,0.625,0.8,0
0,2,1.830826719,0.475,1,2
0,2,2.514400803,0.55,0.6,0
0,2,3.526156751,0.725,0.8,0
0,3,0.747944757,0.6,1,2
0,3,1.759365473,0.725,0.5,2
0.6,3,0.042514228,0.775,0.6,5
0.6,3,1.054080735,0.475,0.6,5
0.6,3,2.061992635,0.6,0.5,5
0,1,0.569117071,0.6,0.5,0
0,1,0.379254313,0.825,0.6,2
0,1,1.587251821,0.625,0.9,0
0,1,1.361436916,0.45,0.5,2
0,1,2.599864259,0.675,0.7,0
0.9,1,0.820986846,0.575,1,3
0.9,1,0.38912021,0.525,0.6,4
0,1,2.378989183,0.475,0.5,2
0,1,3.616354931,0.625,0.6,0
0.9,1,1.413744905,0.8,0.5,4
0.9,1,1.845578157,0.775,0.6,3
0,1,4.627223,0.55,0.5,0
0,1,0.829944094,0.6,0.5,1
0.6,2,0.238588666,0.675,0.2,5
0.5,1,2.530713136,0.475,0.6,0
0,1,1.843499155,0.525,0.6,1
0.6,2,1.258037295,0.4,0.8,5
0.5,1,3.545146204,0.625,0.6,0
0.7,2,2.200448867,0.65,0.6,0
0.7,2,3.207794579,0.625,0.6,0
0,2,4.154822721,0.725,0.6,0
0,2,5.165143018,0.55,0.8,0
0,3,0.496471624,0.6,0.4,2
0,3,1.508993175,0.725,0.3,2
0,3,0.789361599,0.55,0.4,1
0,3,1.800919077,0.325,0.6,1
0,3,2.812383532,0.55,1,1
0,1,0.500777621,0.625,0.9,0
0,1,0.105677492,0.475,0.6,2
0,1,1.511525717,0.55,0.6,0
0,1,1.127807893,0.45,0.6,2
0,1,2.526658891,0.6,0.7,0
0,1,3.539305427,0.625,0.5,0
0,1,2.140954484,0.825,0.3,2
0,1,0.915943142,0.6,0.9,4
0,1,4.551304959,0.675,0.5,0
0,1,1.929196915,0.475,0.4,4
0,1,0.283354909,0.6,0.5,1
0.5,1,1.265797634,0.475,0.5,0
0.9,1,2.36681496,0.525,0.3,4
0,1,1.307075817,0.525,0.7,1
0.5,1,2.274842899,0.625,0.4,0
0.9,1,3.378015094,0.8,0.6,4
0,2,2.392009205,0.725,0.7,0
0.9,2,0.776444337,0.725,0.2,3
0,2,3.403597102,0.55,0.9,0
0.9,2,1.787187585,0.45,0.5,3
0,3,0.523539229,0.55,0.5,1
0.7,2,0.989447342,0.65,0.6,0
0,3,1.53501964,0.55,0.5,1
0,3,0.04612965,0.725,0.5,2
0.7,2,1.998709799,0.625,0.7,0
0,3,2.548738714,0.325,0.6,1
0,3,1.057356134,0.6,0.4,2
0,1,0.475068952,0.625,1,0
0,1,0.275720724,0.525,0.1,1
0,1,1.502845974,0.55,0.7,0
0,1,1.304660691,0.6,0.4,1
0,1,2.531199646,0.6,0.9,0
0.5,1,1.69068198,0.425,0.6,1
0,1,0.67611194,0.475,0.9,4
0.5,1,2.700618808,0.55,0.5,1
0,1,3.565957485,0.675,0.4,0
0,1,1.705844666,0.6,0.4,4
0,1,4.570427322,0.625,0.6,0
0.5,1,3.734549756,0.8,0.6,1
0.9,1,2.455614247,0.8,1,4
0.5,1,2.864995258,0.625,0.5,0
0.9,1,3.468311131,0.525,0.5,4
0.6,2,0.124058404,0.4,0.5,5
0.5,1,3.883209082,0.475,0.4,0
0.6,2,1.131693048,0.675,1,5
0,2,2.713844256,0.725,0.3,0
0,2,3.72516557,0.55,0.4,0
0.7,2,4.183262113,0.625,0.7,0
0.6,3,0.505183705,0.475,0.4,5
0,3,0.458896668,0.725,0.6,2
0.7,2,5.204659921,0.65,0.6,0
0,3,1.463730585,0.6,0.5,2
0.6,3,1.54010145,0.6,0.7,5
0.6,3,2.550317776,0.775,0.6,5
0,1,0.576664769,0.625,0.6,0
0,1,1.612649394,0.55,0.7,0
0,1,0.716731724,0.475,0.7,2
0,1,0.54617938,0.6,0.6,4
0,1,2.625274356,0.625,0.6,0
0,1,1.72903378,0.45,0.4,2
0,1,1.574546533,0.475,0.5,4
0,1,2.757810222,0.825,0.2,2
0,1,3.670440777,0.675,0.5,0
0.9,1,2.366504861,0.525,0.6,4
0,1,4.666952547,0.6,0.5,0
0,1,0.217757081,0.6,0.5,1
0.9,1,3.376406587,0.8,0.6,4
0.5,1,1.946719984,0.475,0.4,0
0,1,1.228481826,0.525,0.5,1
0.5,1,2.957751087,0.625,0.6,0
0,2,2.643018077,0.725,0.2,0
0,2,3.655013759,0.55,0.5,0
0.6,2,0.714618909,0.675,0.8,5
0.7,2,3.758110966,0.625,0.5,0
0.6,2,1.727580727,0.4,0.5,5
0,3,0.252529068,0.725,0.4,2
0.7,2,4.76980334,0.65,0.4,0
0.6,3,1.312805393,0.775,0.2,5
0,3,1.267108269,0.6,0.6,2
0.6,3,2.324359461,0.6,0.4,5
0,1,0.63874784,0.55,0.6,0
0,1,1.686704093,0.675,0.5,0
0,1,0.518867464,0.6,0.4,4
0,1,0.818733858,0.825,0.6,2
0,1,1.53727944,0.475,0.6,4
0,1,2.720516727,0.625,0.6,0
0,1,1.834282921,0.475,0.6,2
0,1,3.798715117,0.6,0.2,0
0.9,1,0.925395299,0.525,0.7,4
0,1,2.898536004,0.45,0.5,2
0,1,4.803337414,0.625,0.5,0
0.9,1,1.967252335,0.8,0.7,4
0.5,1,2.141003406,0.625,0.6,0
0,1,0.338126789,0.525,0.6,1
0.5,1,3.147715278,0.475,0.3,0
0,1,1.348131785,0.6,0.4,1
0.7,2,1.125166504,0.625,0.2,0
0.9,2,0.233550423,0.725,0.7,3
0.7,2,2.136962976,0.65,0.6,0
0.9,2,1.278455107,0.45,0.2,3
0,2,0.242512057,0.725,0.6,0
0,3,0.458064506,0.725,0.9,2
0,3,0.675931931,0.55,0.5,1
0,2,1.257835285,0.55,0.6,0
0,3,1.471197637,0.6,0.5,2
0,3,1.68956945,0.55,0.5,1
0,3,2.699187702,0.325,0.6,1
0,1,0.05514889,0.625,0.5,0
0.5,1,0.36723593,0.8,0.7,1
0,1,1.07474334,0.675,0.5,0
0.5,1,1.386645767,0.55,0.5,1
0,1,2.087219582,0.55,0.6,0
0,1,0.669461266,0.475,0.5,3
0.5,1,2.483373862,0.425,0.5,1
0,1,1.716499204,0.65,0.4,3
0,1,0.672039669,0.6,0.6,4
0,1,1.540038582,0.475,0.2,4
0,1,0.865785366,0.6,0.5,1
0,1,4.31362675,0.625,0.7,0
0,1,1.877267911,0.525,0.4,1
0,1,7.397539326,0.6,0.9,0
0.6,2,0.314345484,0.675,0.6,5
0.5,1,5.5597458,0.625,0.6,0
0.6,2,1.332887667,0.4,0.4,5
0.5,1,6.524311893,0.475,0.3,0
0.6,3,0.145287947,0.475,0.6,5
0,2,5.671892216,0.55,0.5,0
0,3,0.864358477,0.6,0.5,2
0.6,3,1.156498056,0.6,0.5,5
0,2,6.683284616,0.725,0.5,0
0,3,1.883729393,0.725,0.9,2
0.6,3,2.166109876,0.775,0.6,5
0.7,2,7.238305826,0.625,0.5,0
0.7,2,8.249982247,0.65,0.6,0
0.5,1,0.309780558,0.625,0.5,0
0.9,1,0.315327637,0.575,0.5,3
0.5,1,1.335443141,0.475,1,0
0.9,1,1.327308179,0.775,0.6,3
0.5,1,0.928647764,0.425,0.5,1
0,1,2.338350508,0.6,0.5,0
0.9,1,0.67763636,0.525,0.6,4
0.5,1,1.966368203,0.8,0.4,1
0,1,3.357152133,0.625,0.4,0
0.9,1,1.705147104,0.8,1,4
0.5,1,2.984825643,0.55,0.6,1
0,1,4.37501756,0.675,0.7,0
0,1,1.793191642,0.525,0.5,1
0,1,5.382225198,0.625,1,0
0,1,2.807627205,0.6,0.6,1
0,1,6.391445413,0.55,0.5,0
0,2,2.454145547,0.55,0.7,0
0.9,2,0.303984763,0.45,0.5,3
0,2,3.464503866,0.725,0.8,0
0.9,2,1.314559189,0.725,0.5,3
0,3,0.200139427,0.725,0.5,2
0.7,2,0.751828906,0.65,0.2,0
0,3,0.464428663,0.55,0.5,1
0,3,1.213591913,0.6,0.7,2
0.7,2,1.761740649,0.625,0.8,0
0,3,1.473971485,0.55,0.8,1
0,1,0.584765162,0.625,0.7,0
0,1,0.569394112,0.525,0.2,1
0,1,1.617424492,0.625,0.4,0
0.9,1,0.7379502,0.775,0.5,3
0,1,1.622975453,0.6,0.9,1
0,1,2.630398406,0.55,0.7,0
0.9,1,1.740834446,0.575,0.8,3
0.9,1,0.486505237,0.525,0.5,4
0.5,1,1.17158952,0.8,0.6,1
0,1,3.654877522,0.675,0.4,0
0.9,1,1.507264485,0.8,1,4
0.5,1,2.200806459,0.425,0.5,1
0,1,4.674880319,0.6,0.3,0
0.5,1,3.210939677,0.55,0.5,1
0.5,1,1.412119304,0.625,0.7,0
0.5,1,2.425492503,0.475,0.9,0
0,2,2.203775266,0.55,0.4,0
0,2,3.219377821,0.725,0.4,0
0.6,2,0.836004208,0.675,0.5,5
0.6,2,1.850534723,0.4,0.6,5
0,3,0.537461473,0.55,0.8,1
0,3,0.985261546,0.6,0.7,2
0,3,1.548897869,0.325,1,1
0,3,1.998514137,0.725,0.5,2
0,3,2.560584059,0.55,0.5,1
0,1,0.05075371,0.475,0.7,2
0,1,0.698063591,0.6,1,0
0,1,1.111839039,0.825,0.7,2
0,1,1.002940873,0.675,0.5,0
0,1,2.119524197,0.45,0.6,2
0.9,1,0.497123182,0.775,0.5,3
0,1,2.015829011,0.625,0.3,0
0.9,1,0.46156113,0.525,0.2,4
0.9,1,1.524257242,0.575,0.6,3
0,1,0.776974991,0.6,0.5,1
0.9,1,1.477217778,0.8,0.6,4
0,1,1.785619468,0.525,0.2,1
0,1,5.052343747,0.55,0.7,0
0,2,0.676932371,0.475,0.7,2
0,1,6.058801714,0.625,0.8,0
0,2,1.687976184,0.475,0.4,2
0.5,1,3.703082735,0.475,1,0
0.6,2,0.398835917,0.4,0.8,5
0.5,1,4.713332658,0.625,1,0
0.6,2,1.410858087,0.675,0.7,5
0,2,4.618346055,0.55,0.8,0
0,2,5.630371832,0.725,0.5,0
0.6,3,0.768950436,0.475,0.9,5
0,3,0.898828678,0.6,0.5,2
0.6,3,1.779795559,0.775,0.6,5
0,3,1.909762356,0.725,0.1,2
0.6,3,2.793651915,0.6,0.7,5
0,1,0.340296934,0.625,0.8,0
0,1,0.928541711,0.525,0.6,1
0,1,1.404930924,0.625,0.8,0
0,1,1.943203674,0.6,0.7,1
0,1,0.236651972,0.6,0.4,4
0,1,2.421740134,0.55,0.1,0
0.5,1,2.13634525,0.8,0.5,1
0,1,3.460647298,0.675,0.5,0
0,1,1.276203455,0.475,0.8,4
0.5,1,3.150473452,0.425,0.5,1
0,1,4.466648289,0.6,0.4,0
0.9,1,1.516464851,0.525,0.6,4
0.5,1,4.161497917,0.55,0.6,1
0.5,1,1.842905486,0.625,0.5,0
0.9,1,2.531372241,0.8,0.6,4
0,2,0.671348002,0.525,0.5,1
0.5,1,2.858918799,0.475,0.8,0
0.7,2,2.387413501,0.65,0.5,0
0,2,1.724278734,0.5,0.7,1
0.7,2,3.402050783,0.625,0.6,0
0,2,4.355964763,0.725,0.5,0
0,2,5.366904954,0.55,0.6,0
0,3,0.840339702,0.325,0.4,1
0,3,1.851737051,0.55,0.9,1
0,3,2.863099685,0.55,0.4,1
0,1,0.638722646,0.625,0.6,0
0,1,1.651979955,0.6,0.9,0
0.9,1,0.567997322,0.575,0.5,3
0.9,1,1.580996496,0.775,0.6,3
0.5,1,0.831875874,0.425,0.6,1
0.9,1,0.11991694,0.525,0.7,4
0,1,2.674495401,0.625,0.6,0
0.5,1,1.836302539,0.55,0.6,1
0,1,3.679252795,0.55,0.4,0
0.9,1,1.183199683,0.8,0.5,4
0.5,1,2.851040452,0.8,0.5,1
0,1,4.69390661,0.675,0.5,0
0,1,1.786711562,0.6,0.6,1
0.5,1,2.643191437,0.475,0.5,0
0.5,1,3.653631208,0.625,0.3,0
0,1,2.795454821,0.525,1,1
0,2,2.509282691,0.55,1,0
0,2,3.519680961,0.725,0.5,0
0.7,2,1.105832323,0.65,0.4,0
0.6,2,0.602198389,0.675,0.5,5
0.7,2,2.118390902,0.625,0.1,0
0,3,0.425374171,0.55,0.6,1
0.6,2,1.612917695,0.4,0.5,5
0,3,1.435765938,0.55,0.8,1
0,3,2.448106034,0.325,0.5,1
0,1,0.52476332,0.6,0.5,0
0.5,1,0.453103545,0.55,0.4,1
0,1,1.535788306,0.55,0.7,0
0.9,1,0.906523831,0.775,0.8,3
0,1,2.553906819,0.625,0.6,0
0.5,1,1.44725453,0.8,0.7,1
0.5,1,2.452448394,0.425,0.5,1
0.9,1,0.342901833,0.525,0.5,4
0.9,1,1.967756532,0.575,0.7,3
0,1,3.635197685,0.625,0.5,0
0.9,1,1.363827603,0.8,0.6,4
0,1,4.598321981,0.675,0.6,0
0,1,0.553725328,0.525,0.5,1
0.5,1,1.049514408,0.625,0.4,0
0,1,1.567929065,0.6,0.8,1
0.5,1,2.061043875,0.475,1,0
0,2,2.418193759,0.55,0.5,0
0.6,2,0.55959461,0.4,0.7,5
0,2,3.430093164,0.725,0.5,0
0.6,2,1.573781723,0.675,0.7,5
0.7,2,4.196724844,0.65,0.4,0
0.7,2,5.208870764,0.625,0.9,0
0,3,0.204635422,0.325,0.8,1
0,3,0.98574592,0.725,0.8,2
0,3,1.215856141,0.55,0.5,1
0,3,1.999286455,0.6,0.4,2
0,3,2.225704934,0.55,0.5,1
0,1,0.293990603,0.6,0.4,1
0,1,0.792512903,0.625,0.8,0
0.5,1,0.9373022,0.65,0.8,1
0.9,1,0.575795169,0.575,0.4,3
0,1,1.344356238,0.525,0.6,1
0.5,1,1.948560818,0.475,0.4,1
0.9,1,1.592419698,0.775,0.6,3
0.5,1,2.312074761,0.8,0.6,1
0,1,1.111952479,0.65,0.5,3
0.5,1,3.325768124,0.425,0.6,1
0.5,1,0.339683177,0.625,0.5,0
0,1,2.133104545,0.475,0.2,3
0.5,1,4.338539245,0.55,1,1
0.5,1,1.349591437,0.475,0.7,0
0.5,1,4.999581913,0.75,0.6,1
0,2,1.717927669,0.55,0.5,0
0,2,2.729102623,0.725,0.5,0
0.5,1,7.021867593,0.625,1,1
0.6,2,0.392557212,0.4,0.5,5
0.5,2,4.065681299,0.525,0.9,1
0.6,2,1.403834139,0.675,0.6,5
0,3,0.536709451,0.725,0.7,2
0.5,2,5.075734175,0.5,0.7,1
0,3,1.548053151,0.6,0.5,2
0,3,1.42636568,0.325,0.6,1
0,3,2.446635806,0.55,0.7,1
0,3,3.458088209,0.55,0.5,1
0,1,0.560937559,0.6,0.5,0
0,1,0.493056055,0.825,0.6,2
0,1,1.576096174,0.625,0.5,0
0,1,1.512570397,0.45,0.5,2
0,1,0.992513013,0.6,0.6,1
0,1,2.587571608,0.625,0.8,0
0,1,0.799512409,0.475,0.6,4
0,1,2.525402178,0.475,0.6,2
0,1,2.035365117,0.525,0.4,1
0,1,3.59788759,0.675,0.5,0
0,1,0.67826408,0.475,0.5,3
0,1,1.810914944,0.6,0.6,4
0,1,1.69007086,0.65,0.7,3
0,1,4.613869737,0.55,0.7,0
1.2,1,0.175142263,0.6,0.5,4
0,2,0.456705632,0.725,0.6,0
1.2,1,1.1610044,0.525,0.5,4
0,2,1.468025403,0.55,0.7,0
0.7,2,0.022829571,0.65,0.8,0
0.7,2,1.032924188,0.625,0.6,0
0.9,2,1.011358395,0.45,0.6,3
0,3,0.269053575,0.725,0.4,2
0,3,0.559316178,0.55,0.5,1
0.9,2,2.023394221,0.725,0.8,3
0,3,1.279878253,0.6,0.5,2
0,3,1.57133291,0.55,0.4,1
0,3,2.58077367,0.325,0.5,1
0,1,0.690763395,0.525,0.4,1
0,1,0.896395736,0.675,0.9,0
0,1,0.236274101,0.825,0.4,2
0,1,1.724739179,0.6,0.7,1
0,1,1.901541746,0.625,0.8,0
0.9,1,0.339318805,0.525,0.4,4
0,1,1.246860473,0.45,0.5,2
0,1,2.912104251,0.625,0.5,0
0.9,1,1.349364197,0.8,0.9,4
0,1,3.925768195,0.55,0.4,0
0,1,2.322290856,0.475,0.4,2
0,1,2.057794293,0.6,0.7,4
0,1,4.93766204,0.6,0.6,0
0,1,3.076076206,0.475,0.4,4
0.5,1,1.450433699,0.475,0.7,0
0.5,1,2.466643127,0.625,0.5,0
0,2,2.801999679,0.725,0.6,0
0.6,2,0.231665956,0.4,0.5,5
0,2,3.813208843,0.55,0.8,0
0.6,2,1.241761627,0.675,0.5,5
0.7,2,4.604714401,0.625,0.2,0
0,3,0.664730975,0.55,0.6,1
0,3,0.524439943,0.725,0.5,2
0.7,2,5.617947803,0.65,0.3,0
0,3,1.674978189,0.325,0.5,1
0,3,1.538755284,0.6,0.6,2
0,3,2.683873655,0.55,0.6,1
0,1,0.593186603,0.55,0.8,0
0,1,1.60659007,0.675,0.7,0
67,1,0.639557365,0.425,0.4,1
0,1,2.616493993,0.625,0.4,0
0,1,0.839427261,0.475,0.1,4
67,1,1.649811974,0.55,0.4,1
0,1,3.626660931,0.625,0.4,0
0,1,1.851178126,0.6,0.5,4
0,1,0.800485464,0.475,0.6,3
67,1,2.659090218,0.8,0.6,1
0,1,4.636898883,0.6,0.7,0
0,1,1.811697443,0.65,0.6,3
50,1,0.289741358,0.525,0.4,1
0,1,1.904057891,0.625,0.7,0
50,1,1.300077501,0.6,0.8,1
0,1,2.91448229,0.475,0.6,0
0,2,2.350201176,0.55,0.5,0
0,2,3.359546342,0.725,0.5,0
0,2,0.926724405,0.45,0.2,3
50,2,0.909792464,0.65,0.5,0
0,2,1.93706084,0.725,0.6,3
0,3,0.798241959,0.6,0.6,2
67,3,0.380308345,0.325,0.5,1
50,2,1.920061685,0.625,0.4,0
0,3,1.808558229,0.725,0.9,2
67,3,1.390596854,0.55,0.6,1
67,3,2.40096339,0.55,0.6,1
0,1,0.33927296,0.675,0.6,0
67,1,0.503242081,0.475,0.5,2
0,1,1.34912662,0.625,0.5,0
0,1,0.417245101,0.575,0.5,3
67,1,1.514001091,0.45,0.4,2
0,1,2.359279822,0.55,0.6,0
0,1,1.42746435,0.775,0.4,3
67,1,2.524220924,0.825,0.5,2
0,1,3.369190175,0.6,0.7,0
0,1,1.75199072,0.475,0.6,3
0,1,4.376572675,0.625,0.4,0
0,1,2.764568617,0.65,0.7,3
50,1,0.348846071,0.525,0.6,1
0,1,2.283107278,0.475,0.4,0
50,1,1.362234342,0.6,0.7,1
0,1,3.293407768,0.625,0.4,0
0,2,2.333202313,0.55,0.6,0
0,2,3.343454585,0.725,0.5,0
0,2,0.791051166,0.4,0.2,5
0,2,4.208943573,0.65,0.4,0
0,2,1.804366377,0.675,0.4,5
0,2,5.22025725,0.625,0.5,0
0,3,0.547034434,0.6,0.2,2
0,3,1.560280968,0.725,0.8,2
0,3,0.886380161,0.325,0.7,1
0,3,1.899661472,0.55,0.8,1
0,3,2.911935442,0.55,0.6,1
0,1,0.640967995,0.525,0.1,1
80,1,0.764253292,0.55,1,0
0,1,1.651007226,0.6,0.6,1
80,1,0.86639697,0.625,0.5,0
0,1,0.972669963,0.775,0.6,3
67,1,1.164116993,0.425,0.6,1
80,1,1.880744656,0.625,0.5,0
0,1,1.982888625,0.575,0.5,3
67,1,2.177386615,0.8,0.4,1
80,1,2.891102425,0.6,0.4,0
0,1,0.908020922,0.475,0.4,3
67,1,3.188734192,0.55,0.8,1
80,1,3.902241344,0.675,0.4,0
0,1,1.919175914,0.65,0.3,3
0,1,6.390132196,0.625,0.3,0
0,2,0.946722208,0.45,0.5,3
0,1,7.401538512,0.475,0.6,0
0,2,1.957961363,0.725,0.6,3
0,3,0.250802484,0.725,0.5,2
0,2,6.725190218,0.625,0.2,0
0,3,1.264075028,0.6,0.4,2
0,2,7.738483803,0.65,0.7,0
67,3,0.859821045,0.775,0.6,5
0,2,8.60454996,0.55,0.7,0
67,3,1.875214648,0.475,0.5,5
0,2,9.614791711,0.725,0.5,0
67,3,2.886409092,0.6,0.4,5
0,1,0.48992424,0.675,0.6,0
0,1,0.495128695,0.6,0.4,0
0,1,1.499838393,0.625,0.6,0
0,1,0.139259576,0.475,0.4,3
0,1,2.512043101,0.625,0.5,0
0,1,0.745724567,0.475,0.7,4
0,1,1.150653034,0.65,0.9,3
0,1,3.525231189,0.55,0.5,0
0,1,1.755975377,0.6,0.8,4
0,1,4.651678495,0.525,0.6,1
0,1,5.662526637,0.6,0.9,1
50,1,1.529058037,0.625,0.9,0
67,1,6.276411244,0.8,0.2,1
50,1,2.541387239,0.475,0.7,0
67,1,7.289703952,0.55,0.5,1
0,2,0.052103875,0.675,0.2,5
0,2,2.932231618,0.55,0.4,0
67,1,8.300980222,0.425,0.6,1
0,2,1.062311434,0.4,0.6,5
0,2,3.942906756,0.725,0.9,0
50,2,0.110878652,0.625,0.6,0
67,3,0.808338759,0.325,0.6,1
50,2,1.122196128,0.65,0.6,0
0,3,0.812383032,0.6,0.3,2
67,3,1.819566519,0.55,0.5,1
0,3,1.823661641,0.725,0.8,2
67,3,2.832901601,0.55,0.5,1
80,1,0.110482087,0.625,0.7,0
80,1,0.762438206,0.55,0.2,0
67,1,0.433137553,0.425,0.6,1
80,1,1.77559181,0.625,0.8,0
67,1,1.443762719,0.8,0.5,1
80,1,2.790466983,0.6,0.7,0
0,1,0.378767963,0.8,0.7,4
67,1,2.453818899,0.55,0.5,1
80,1,3.922821867,0.675,0.6,0
0,1,1.514433311,0.525,0.4,4
50,1,0.591261928,0.6,0.8,4
50,1,1.619405262,0.475,0.2,4
50,1,0.757847157,0.6,0.8,1
50,1,1.770981766,0.525,0.5,1
0,2,0.055062194,0.45,0.5,3
50,1,5.608845849,0.475,0.6,0
0,2,1.067334994,0.725,0.6,3
0,3,0.911840756,0.725,0.9,2
67,3,0.192760345,0.55,0.6,1
50,1,6.620846285,0.625,1,0
0,3,1.924849118,0.6,0.1,2
67,3,1.20707004,0.55,0.6,1
0,2,6.255738957,0.55,0.6,0
67,3,2.217533015,0.325,0.5,1
0,2,7.265929859,0.725,0.7,0
50,2,3.356678617,0.625,0.6,0
50,2,4.369786924,0.65,1,0
67,1,0.64282078,0.475,0.4,2
0,1,0.749704548,0.625,0.4,0
0,1,0.680492513,0.775,0.5,3
0,1,0.01937709,0.525,0.5,4
67,1,1.656551844,0.45,0.5,2
0,1,1.761846426,0.675,0.6,0
0,1,1.691734593,0.575,0.5,3
0,1,1.027399298,0.8,0.5,4
67,1,2.666009522,0.825,0.5,2
0,1,2.77513475,0.55,0.4,0
0,1,3.786405177,0.625,0.4,0
50,1,0.323006737,0.6,0.6,1
0,1,4.798625959,0.6,0.7,0
50,1,1.334240049,0.525,0.3,1
0,1,1.957982697,0.475,0.6,0
0,1,2.97127862,0.625,0.6,0
0,2,2.802332112,0.625,0.6,0
0,2,0.049061392,0.4,0.7,5
0,2,3.816486336,0.65,0.9,0
0,2,1.060329188,0.675,0.6,5
0,2,4.759278244,0.55,0.6,0
0,3,0.790364992,0.6,0.5,2
67,3,0.798029502,0.775,0.9,5
0,2,5.77250403,0.725,0.5,0
0,3,1.803628478,0.725,0.2,2
67,3,1.811263471,0.475,0.3,5
67,3,2.822661897,0.6,0.6,5
0,1,0.689384712,0.625,0.5,0
67,1,0.139124854,0.475,0.5,2
0,1,0.889409493,0.525,0.8,1
67,1,1.149751482,0.825,0.6,2
0,1,1.705681035,0.625,0.9,0
0,1,0.167732554,0.6,0.6,4
0,1,1.902573326,0.6,0.6,1
67,1,2.160928099,0.45,0.2,2
0,1,2.715902037,0.675,0.5,0
0,1,1.180728641,0.475,0.4,4
0,1,3.728300208,0.55,0.5,0
0,1,1.211347811,0.525,0.4,4
0,1,4.738898487,0.6,0.6,0
0,1,2.221175169,0.8,0.4,4
0,2,0.34776041,0.525,0.6,1
0,1,2.349892574,0.625,0.7,0
0,2,1.359987036,0.5,0.7,1
0,1,3.362128844,0.475,0.6,0
0,2,2.572576855,0.725,0.4,0
0,2,3.583838807,0.55,0.5,0
0,2,4.019439045,0.625,0.6,0
67,3,0.875047781,0.55,0.8,1
0,3,0.632755249,0.6,0.7,2
0,2,5.032634438,0.65,0.6,0
67,3,1.88520186,0.55,0.6,1
0,3,1.642992323,0.725,0.5,2
67,3,2.898338806,0.325,0.5,1
60,1,0.826119649,0.625,0.6,1
0,1,0.636597294,0.525,0.7,4
60,1,1.836301491,0.5,0.7,1
0,1,1.648858404,0.8,0.5,4
60,1,2.846563406,0.65,0.4,1
0,1,2.213747664,0.475,0.5,4
50,1,0.543775695,0.625,0.6,0
60,1,3.856857467,0.475,0.4,1
0,1,3.225084135,0.6,0.8,4
50,1,1.55518055,0.475,0.1,0
60,1,4.867161171,0.75,0.7,1
0,2,0.912920574,0.55,1,0
67,1,4.892057748,0.55,0.5,1
0,2,1.925210908,0.725,0.1,0
67,1,5.902347718,0.8,0.4,1
0,2,2.327009512,0.65,0.6,0
67,1,6.915665558,0.425,0.2,1
0,2,3.338279061,0.625,0.4,0
50,1,4.745868349,0.6,0.6,1
0,2,0.929716039,0.675,0.1,5
50,1,5.759146445,0.525,0.5,1
0,2,1.943002902,0.4,0.1,5
67,3,0.635696034,0.55,0.4,1
0,3,0.772355281,0.725,0.6,2
67,3,1.647044195,0.325,0.5,1
0,3,1.783618402,0.6,0.1,2
67,3,2.660689342,0.55,0.4,1
0,1,0.644559592,0.6,0.5,0
67,1,0.6628744,0.45,0.5,2
0,1,0.080194022,0.475,0.6,3
0,1,1.655908046,0.625,0.4,0
67,1,1.67384762,0.475,0.6,2
0,1,1.101444938,0.65,0.6,3
0,1,0.805963746,0.475,0.8,4
67,1,2.695553258,0.825,0.6,2
0,1,2.683743069,0.675,0.6,0
0,1,1.818709678,0.6,0.5,4
0,1,3.69755333,0.55,0.7,0
50,1,0.294161448,0.6,0.5,1
0,1,4.709331081,0.625,0.6,0
50,1,1.306307418,0.525,0.9,1
0,2,0.249968731,0.525,0.4,1
0,2,1.26228595,0.5,0.2,1
0,3,0.781445324,0.6,0.7,2
0,1,6.958779628,0.475,0.6,0
0,3,1.794665558,0.725,0.9,2
0,1,7.971824227,0.625,0.4,0
67,3,0.550737957,0.475,0.5,5
0,2,7.308802248,0.55,0.7,0
67,3,1.564070995,0.6,0.5,5
0,2,8.322067485,0.725,0.6,0
67,3,2.577302334,0.775,0.6,5
0,2,8.96316465,0.65,0.1,0
0,2,9.973495533,0.625,0.5,0
0,1,0.162617523,0.525,0.5,1
0,1,0.71382949,0.625,0.3,0
0,1,1.173675492,0.6,0.4,1
0,1,1.725696372,0.625,0.6,0
0,1,0.505913423,0.575,0.6,3
0,1,2.738340022,0.55,0.2,0
67,1,0.919942161,0.45,0.7,2
0,1,1.52028741,0.775,0.5,3
0,1,3.750289023,0.6,0.2,0
67,1,1.932148915,0.475,0.4,2
0,1,1.477702582,0.475,0.6,3
0,1,4.76158049,0.675,0.5,0
67,1,2.942252437,0.825,0.2,2
0,1,2.488154451,0.65,0.5,3
50,1,0.937724219,0.625,0.7,0
50,1,1.951015174,0.475,0.6,0
0,2,0.297615986,0.4,0.6,5
0,2,0.450536197,0.55,0.6,3
50,2,0.542530764,0.725,0.6,0
0,2,1.307802504,0.675,0.9,5
0,2,1.466367279,0.575,0.2,3
50,2,1.554243637,0.55,0.6,0
0,3,0.740068898,0.725,0.5,2
0,3,0.469290822,0.6,0.2,5
0,3,1.750912657,0.6,0.1,2
0,3,1.482232261,0.475,0.6,5
0,3,2.491864697,0.775,0.2,5
67,1,0.263886827,0.475,0.8,2
60,1,0.602920737,0.75,0.4,1
67,1,1.276001526,0.45,1,2
60,1,1.611643145,0.475,0.5,1
0,1,0.67942614,0.775,0.2,3
67,1,2.288202144,0.825,0.3,2
60,1,2.623474082,0.625,0.4,1
0,1,0.249512548,0.8,0.5,4
0,1,1.690671433,0.575,0.1,3
0,1,0.487055054,0.625,0.6,0
60,1,3.634778992,0.5,0.7,1
0,1,1.260759595,0.525,0.5,4
0,1,1.497086393,0.475,0.8,0
60,1,4.647950714,0.65,0.6,1
50,1,0.535372118,0.6,0.4,1
0,2,0.765293657,0.55,0.9,0
0,2,0.893101036,0.475,0.6,2
50,1,1.546671767,0.525,0.1,1
0,2,1.775460887,0.725,0.6,0
0,2,1.906295845,0.475,0.9,2
0,2,0.872780019,0.4,0.6,5
0,2,1.886161568,0.675,0.5,5
0,3,0.491262103,0.725,0.7,2
67,3,0.598522273,0.475,0.4,5
0,3,1.504544584,0.6,0.7,2
67,3,1.611797739,0.6,0.2,5
67,3,2.625164383,0.775,0.5,5
0,1,0.83583245,0.55,0.6,0
0,1,0.296008096,0.6,0.6,1
0,1,1.846078584,0.625,0.4,0
0,1,1.305468696,0.525,0.5,1
0,1,0.015265311,0.775,0.6,3
0,1,2.86025794,0.625,0.2,0
67,1,2.063668,0.55,0.4,1
0,1,1.02452602,0.575,0.6,3
0,1,3.872063453,0.6,0.6,0
67,1,3.075922974,0.425,0.5,1
0,1,1.414076372,0.475,0.6,3
0,1,4.883989368,0.675,0.3,0
67,1,4.088210386,0.8,0.5,1
0,1,2.42531436,0.65,0.3,3
50,1,1.742588276,0.475,0.4,0
50,1,2.754873643,0.625,0.7,0
0,2,0.959106642,0.5,0.7,1
0,2,2.423928278,0.55,0.6,0
0,2,1.970352812,0.525,0.9,1
0,2,3.435102558,0.725,0.6,0
0,2,4.407497817,0.625,0.4,0
0,2,5.419819713,0.65,0.7,0
0,3,0.299609922,0.6,0.3,2
0,3,1.311934155,0.725,0.5,2
0,3,0.734717448,0.55,0.4,1
0,3,1.745004202,0.325,0.8,1
0,3,2.758301003,0.55,0.6,1
0,1,0.541138838,0.625,0.7,0
67,1,0.706690131,0.475,0.6,2
0,1,1.550130689,0.6,0.5,0
0,1,0.488203547,0.475,0.8,4
67,1,1.71815431,0.825,0.5,2
0,1,2.561304384,0.55,0.1,0
0,1,1.50045589,0.6,1,4
0,1,0.042514399,0.475,0.2,3
67,1,2.73026112,0.45,0.7,2
0,1,3.573474609,0.625,0.6,0
50,1,0.106525777,0.6,0.4,1
0,1,1.053916624,0.65,0.7,3
0,1,4.583609985,0.675,0.9,0
50,1,1.116810487,0.525,0.6,1
0,1,1.607920626,0.625,0.5,0
0,1,2.619267034,0.475,0.5,0
0,2,2.601572938,0.55,0.7,0
0,2,0.36122437,0.675,0.6,5
0,2,3.612823492,0.725,0.6,0
0,2,1.371540348,0.4,0.2,5
0,2,3.503839998,0.65,0.5,0
0,2,4.515123283,0.625,0.4,0
67,3,0.765241054,0.55,0.6,1
0,3,0.916017704,0.725,0.5,2
67,3,1.774608431,0.325,0.4,1
0,3,1.926302122,0.6,0.6,2
67,3,2.785905743,0.55,0.7,1
0,1,0.654077178,0.55,0.5,0
67,1,0.545378617,0.45,0.6,2
0,1,0.857965339,0.575,0.6,3
0,1,1.665573796,0.625,0.6,0
67,1,1.554813792,0.475,0.8,2
0,1,1.870260641,0.775,0.2,3
0,1,2.676441812,0.675,0.4,0
0,1,0.530810292,0.525,0.6,4
67,1,2.563852986,0.825,0.3,2
0,1,3.688626064,0.6,0.6,0
0,1,1.541135038,0.8,0.5,4
0,1,4.701912051,0.625,1,0
50,1,1.126178155,0.625,0.5,0
50,1,0.707889181,0.525,0.9,1
50,1,2.138482517,0.475,0.5,0
50,1,1.717199863,0.6,0.9,1
0,2,2.770935592,0.725,0.7,0
0,2,3.781186109,0.55,0.5,0
0,2,4.491544988,0.625,0.4,0
0,2,0.216857653,0.45,0.5,3
0,2,5.499503196,0.65,0.7,0
0,2,1.224813231,0.725,0.6,3
67,3,0.528824832,0.325,0.5,1
0,3,0.573081841,0.6,0.9,2
67,3,1.540102856,0.55,0.8,1
0,3,1.583140359,0.725,0.8,2
67,3,2.549381685,0.55,0.6,1
0,1,0.134122335,0.6,0.8,0
0,1,0.586920157,0.525,0.5,1
0,1,1.14349614,0.625,0.6,0
0,1,0.314358849,0.475,0.6,4
0,1,1.596640556,0.6,0.6,1
0,1,2.154772996,0.625,0.8,0
0,1,1.325854882,0.6,0.5,4
67,1,1.676723528,0.8,0.5,1
0,1,3.169156918,0.675,0.5,0
0,1,0.98594426,0.475,0.2,3
67,1,2.690246519,0.55,0.6,1
0,1,1.999314412,0.65,0.6,3
67,1,3.703239977,0.425,0.4,1
0,1,5.193379304,0.55,0.2,0
0,2,0.303369555,0.675,0.7,5
0,1,6.270439373,0.475,0.7,0
0,2,1.315640602,0.4,0.5,5
0,1,7.28271568,0.625,0.5,0
67,3,0.598735898,0.55,0.5,1
0,3,0.263581439,0.6,0.5,2
0,2,6.782089123,0.725,0.6,0
67,3,1.610167931,0.55,0.5,1
0,3,1.273889819,0.725,0.7,2
0,2,7.79538826,0.55,0.6,0
67,3,2.623488402,0.325,0.5,1
50,2,4.539055477,0.625,0.4,0
50,2,5.551415072,0.65,0.7,0
67,1,0.312165316,0.825,0.5,2
0,1,0.736251109,0.6,0.5,0
0,1,0.091019955,0.575,0.6,3
67,1,1.329686114,0.475,0.3,2
0,1,1.750770338,0.625,0.6,0
0,1,1.102764974,0.775,0.5,3
67,1,2.347747844,0.45,0.9,2
0,1,2.770385309,0.625,0.5,0
0,1,0.857830617,0.525,0.5,4
0,1,3.783601743,0.675,0.6,0
0,1,1.871526905,0.8,0.6,4
0,1,4.791113705,0.55,0.7,0
50,1,0.853715915,0.6,0.9,1
0,1,2.233652826,0.625,0.7,0
50,1,1.864957117,0.525,0.9,1
0,1,3.246557152,0.475,0.9,0
0,2,1.048188771,0.525,0.4,1
0,2,2.06924009,0.5,0.5,1
0,2,2.237512697,0.65,0.5,0
0,2,3.250002045,0.625,0.4,0
0,2,4.252068456,0.55,0.7,0
0,3,0.648496906,0.6,0.6,2
67,3,0.572765641,0.55,0.8,1
0,2,5.264139321,0.725,0.7,0
0,3,1.660912902,0.725,0.5,2
67,3,1.584306094,0.325,0.6,1
67,3,2.595648703,0.55,0.7,1
0,1,0.727238509,0.55,0.6,0
0,1,0.688038375,0.525,0.8,1
0,1,1.737690671,0.675,0.2,0
0,1,0.035381762,0.6,0.7,4
0,1,1.704406881,0.6,0.6,1
67,1,0.749497059,0.475,0.6,2
0,1,2.753011213,0.625,0.7,0
0,1,1.05070289,0.475,0.7,4
0,1,0.394112177,0.475,0.5,3
67,1,1.762890882,0.825,0.4,2
0,1,3.767153457,0.625,0.4,0
0,1,1.406885288,0.65,0.6,3
67,1,2.77416686,0.45,0.7,2
0,1,4.781184649,0.6,0.7,0
0,1,2.387051431,0.625,0.2,0
0,1,3.40004255,0.475,0.6,0
0,2,2.796435055,0.725,0.8,0
0,2,3.807716002,0.55,0.7,0
50,2,0.964850275,0.625,0.9,0
0,3,0.75273505,0.725,0.4,2
50,2,1.977330271,0.65,0.4,0
0,3,1.769033711,0.6,0.4,2
0,3,0.251042996,0.325,0.8,1
0,3,1.263533512,0.55,0.5,1
0,3,2.277045399,0.55,0.6,1
0,1,0.086192194,0.625,0.6,0
0,1,0.609687493,0.525,0.6,1
0,1,1.099281797,0.6,0.7,0
0,1,0.888461475,0.575,0.6,3
0,1,1.618197738,0.6,1,1
0,1,2.111869045,0.675,0.4,0
67,1,0.934656019,0.45,0.4,2
0,1,1.901508412,0.775,0.5,3
67,1,1.946291449,0.475,0.5,2
0,1,3.131009715,0.55,0.6,0
0,1,1.860409903,0.475,0.5,3
67,1,2.961908322,0.825,0.6,2
0,1,2.872510576,0.65,0.6,3
0,1,4.148562952,0.625,0.6,0
0,2,0.545668517,0.5,0.5,1
0,2,1.560211124,0.525,0.6,1
0,1,6.524209819,0.625,0.6,0
0,1,7.535209049,0.475,0.7,0
0,3,0.577810242,0.725,0.5,2
0,2,5.723380976,0.625,0.5,0
67,3,0.346543241,0.55,0.4,1
0,3,1.590823864,0.6,0.8,2
0,2,6.736430835,0.65,0.2,0
67,3,1.363491839,0.55,0.5,1
0,2,7.598607898,0.55,0.5,0
67,3,2.376109186,0.325,1,1
0,2,8.611643145,0.725,0.5,0
0,1,0.657324813,0.55,0.4,0
0,1,0.299028369,0.6,0.6,1
0,1,1.669028627,0.625,0.5,0
0,1,1.313501132,0.525,0.6,1
0,1,2.682318997,0.625,0.6,0
67,1,0.887042078,0.45,0.6,2
0,1,0.446610572,0.475,0.6,4
0,1,3.69498924,0.6,0.1,0
67,1,1.89853782,0.825,0.4,2
0,1,1.463147993,0.6,0.5,4
0,1,4.705825401,0.675,0.5,0
67,1,2.909732848,0.475,0.3,2
0,1,1.656756119,0.8,0.6,4
0,1,3.330866753,0.625,0.2,0
0,1,2.669648462,0.525,0.7,4
0,1,4.342265763,0.475,0.4,0
0,2,2.602481796,0.65,0.8,0
0,2,3.614584222,0.625,1,0
0,2,0.224773779,0.4,0.9,5
0,2,4.529906694,0.725,0.5,0
0,2,1.237904588,0.675,0.5,5
0,2,5.540933979,0.55,0.5,0
0,3,0.568942007,0.725,0.6,2
67,3,0.573331412,0.55,0.5,1
0,3,1.580206588,0.6,0.6,2
67,3,1.584311354,0.325,0.4,1
67,3,2.596979552,0.55,0.6,1
0,1,0.689125497,0.625,0.7,0
67,1,0.623035142,0.475,0.9,2
0,1,1.701654298,0.625,0.5,0
67,1,1.635939467,0.45,0.5,2
0,1,0.316550044,0.775,0.2,3
0,1,2.714078768,0.55,0.7,0
67,1,2.648712578,0.825,0.5,2
0,1,1.329393876,0.575,0.5,3
0,1,3.724510473,0.6,0.5,0
0,1,0.811971854,0.8,0.6,4
0,1,4.735041831,0.675,0.9,0
0,1,1.821550518,0.525,0.5,4
0,1,1.931242102,0.475,0.4,0
0,2,0.361181703,0.475,0.7,2
50,1,0.566175104,0.6,0.5,1
0,1,2.942444144,0.625,0.4,0
0,2,1.374418302,0.475,0.5,2
50,1,1.576253786,0.525,0.4,1
0,2,2.802308733,0.725,0.7,0
0,2,3.81419695,0.55,0.7,0
0,2,0.642870461,0.725,0.5,3
0,3,0.854947111,0.725,0.6,2
0,2,1.65396233,0.45,0.3,3
0,3,1.866821884,0.6,0.3,2
67,3,0.314386319,0.475,0.2,5
67,3,1.326226608,0.6,0.6,5
67,3,2.336031171,0.775,0.9,5
0,1,0.755022391,0.675,0.6,0
0,1,0.202309493,0.525,0.6,1
0,1,1.766031265,0.625,0.2,0
0,1,1.213487573,0.6,0.4,1
0,1,0.166209121,0.575,0.6,3
67,1,0.109737758,0.45,0.6,2
0,1,2.778178695,0.625,0.6,0
0,1,1.177037391,0.775,0.2,3
67,1,1.120798649,0.475,0.6,2
0,1,3.791313887,0.55,0.7,0
0,1,1.758990974,0.475,0.5,3
67,1,2.133927121,0.825,0.5,2
0,1,4.805454376,0.6,0.6,0
0,1,2.773295701,0.65,0.6,3
0,1,2.633160875,0.625,0.4,0
0,1,3.646471994,0.475,0.4,0
0,2,1.987093045,0.725,0.7,0
0,2,2.99730148,0.55,0.5,0
0,2,0.946647687,0.45,0.6,3
50,2,0.090950987,0.65,0.9,0
0,2,1.959886331,0.725,0.4,3
0,3,0.668702489,0.725,0.3,2
50,2,1.102349998,0.625,0.5,0
0,3,0.262426225,0.55,0.8,1
0,3,1.681956038,0.6,0.8,2
0,3,1.274287847,0.325,0.6,1
0,3,2.286600391,0.55,0.4,1
