votesInFavor,distance,ateFavoriteDish,endTime,groupID,canteenTime,pastExperience,canteenExperience,canteen
1.00,0.0,1,0.542678488,1,0.476770519,0.6,0.6,0
1.00,0.0,1,0.645215604,1,0.375296852,0.5249999999999999,0.6,1
1.00,0.0,0,0.52660169,1,1.488757046,0.5499999999999999,0.3,0
1.00,0.0,1,0.64792818,1,1.382721116,0.6,0.4,1
1.00,0.9,1,1.826407357,1,0.115571934,0.575,0.8,3
1.00,0.0,1,0.550049941,1,2.501518555,0.625,0.9,0
0.67,0.5,1,1.371071821,1,1.627626844,0.5499999999999999,0.4,1
1.00,0.9,0,1.828583939,1,1.112567134,0.775,0.5,3
1.00,0.0,0,0.547022263,1,3.516618427,0.675,0.8,0
1.00,0.0,1,3.662539333,1,0.321530674,0.475,0.7,3
0.67,0.5,1,1.355576141,1,2.686550319,0.42500000000000004,1.0,1
1.00,0.0,1,0.534388846,1,4.52567351,0.625,0.7,0
0.67,0.5,1,1.336441723,1,3.674519083,0.8,0.1,1
1.00,0.0,1,3.667718829,1,1.332451539,0.65,0.6,3
1.00,0.5,1,4.582054971,1,1.34339731,0.475,0.8,0
1.00,0.5,0,4.571381411,1,2.354616985,0.625,0.4,0
1.00,0.0,0,5.892001126,2,2.195368785,0.55,0.6,0
1.00,0.0,1,5.890326625,2,3.207442822,0.7249999999999999,0.7,0
0.50,0.7,1,9.226177519,2,0.810764036,0.65,0.6,0
1.00,0.6,0,9.211580545,2,0.968604896,0.4,0.6,5
0.50,0.7,1,9.194346664,2,1.82115083,0.6249999999999999,0.9,0
1.00,0.6,1,9.222587456,2,1.978721073,0.675,0.8,5
0.80,0.0,1,0.436032591,1,0.599790248,0.675,0.7,0
1.00,0.9,0,1.645934263,1,0.320285316,0.575,1.0,3
1.00,0.0,1,1.135520942,1,0.891288049,0.5249999999999999,0.5,1
0.80,0.0,1,0.433565187,1,1.67069399,0.6,0.4,0
1.00,0.9,1,1.648433706,1,1.327626632,0.775,0.1,3
0.80,0.0,0,0.437309324,1,2.650368347,0.625,0.5,0
1.00,0.0,1,1.142469704,1,1.905606321,0.6,0.4,1
0.67,0.0,1,2.220593687,1,0.845019491,0.475,0.5,2
1.00,0.0,0,3.2248236,1,0.768864602,0.475,0.5,3
0.80,0.0,0,0.416768291,1,3.68839026,0.625,0.5,0
0.67,0.0,0,2.227818166,1,1.917644417,0.825,0.6,2
1.00,0.0,0,3.227707759,1,1.793631334,0.65,0.4,3
0.80,0.0,1,0.411147495,1,4.70217099,0.5499999999999999,0.6,0
0.67,0.0,1,2.211908945,1,2.906437635,0.45,0.6,2
1.00,0.5,0,4.190497935,1,1.846959903,0.475,0.4,0
1.00,0.5,1,4.214999316,1,2.825439851,0.625,0.4,0
1.00,0.6,1,7.885398864,2,0.240231749,0.4,0.5,5
1.00,0.0,1,5.774690896,2,2.363371433,0.55,0.5,0
1.00,0.6,1,7.889727503,2,1.250694499,0.675,0.4,5
1.00,0.0,0,5.774422564,2,3.37456653,0.7249999999999999,0.5,0
0.50,0.7,0,10.743651291,2,0.381799217,0.6249999999999999,0.5,0
1.00,0.0,0,10.700082451,3,0.4743044,0.6,0.4,2
0.50,0.7,1,10.751571124,2,1.392219359,0.65,0.9,0
1.00,0.0,1,10.699627175,3,1.482685503,0.7250000000000001,0.7,2
0.67,0.6,1,13.14493982,3,0.024157875,0.6000000000000001,0.7,5
0.67,0.6,1,13.145725724,3,1.034820554,0.47500000000000003,0.6,5
0.67,0.6,1,13.14688227,3,2.045489644,0.775,0.6,5
0.60,0.5,1,0.727593403,1,0.296588829,0.475,0.5,1
0.60,0.5,1,0.694850514,1,0.318158811,0.75,0.5,1
0.67,0.0,1,0.534600601,1,0.471295772,0.825,0.5,2
0.60,0.5,1,0.733404553,1,1.313887913,0.5,0.5,1
1.00,0.9,1,0.967480188,1,0.944327027,0.575,0.6,3
0.67,0.0,0,0.519791992,1,1.476553317,0.45,0.5,2
0.60,0.5,1,0.730442817,1,2.328122744,0.6499999999999999,0.7,1
0.60,0.5,0,0.69515928,1,2.339797645,0.625,0.5,1
1.00,0.9,1,0.967847795,1,1.956524673,0.775,0.6,3
0.67,0.0,0,0.511719344,1,2.509883932,0.475,0.9,2
1.00,0.5,1,3.461005597,1,0.46125499,0.625,0.6,0
1.00,0.0,1,3.242094081,1,0.723679917,0.65,0.4,3
1.00,0.5,0,3.46366278,1,1.488602238,0.475,0.9,0
1.00,0.0,0,3.232499348,1,1.741083362,0.475,0.6,3
1.00,0.0,1,5.507865698,2,0.571168354,0.55,0.5,0
0.50,0.0,1,5.641852485,1,0.433933055,0.5249999999999999,0.5,1
1.00,0.0,1,5.639431384,2,0.40468266,0.475,0.1,2
1.00,0.0,1,5.495800507,2,1.584023696,0.7249999999999999,0.5,0
0.50,0.0,1,5.656228003,1,1.444199819,0.6,0.5,1
1.00,0.0,1,5.652816016,2,1.418177198,0.475,0.5,2
1.00,0.9,0,8.864759801,2,0.24783776,0.725,0.7,3
1.00,0.9,1,8.864620558,2,1.260273368,0.44999999999999996,0.7,3
0.67,0.0,1,10.492605236,3,0.62448474,0.55,0.6,1
1.00,0.0,1,10.850930606,3,0.249854913,0.6,0.8,2
0.67,0.0,1,10.496969626,3,1.636017394,0.55,0.9,1
1.00,0.0,1,10.855059892,3,1.274262981,0.7250000000000001,0.8,2
0.67,0.0,1,10.49847299,3,2.645371647,0.32499999999999996,0.6,1
0.60,0.5,1,0.488214032,1,0.528929766,0.625,0.7,1
0.60,0.5,1,0.508415445,1,1.540033741,0.6499999999999999,0.6,1
1.00,0.9,1,2.047449213,1,0.889494986,0.775,0.3,3
0.60,0.5,1,0.50967509,1,2.55190141,0.5,0.6,1
1.00,0.9,1,2.602712688,1,0.36941696,0.8,0.6,4
0.67,0.0,1,2.811747223,1,0.209155129,0.45,0.8,2
1.00,0.9,0,2.040076143,1,1.90373443,0.575,0.6,3
0.60,0.5,1,0.493019894,1,3.565422157,0.75,0.5,1
1.00,0.9,1,2.601976202,1,1.380968607,0.5249999999999999,0.5,4
1.00,0.5,1,3.44742925,1,0.56119164,0.475,0.5,0
0.67,0.0,1,2.813043928,1,1.260313995,0.825,0.5,2
0.60,0.5,1,0.502712892,1,4.604391266,0.475,0.7,1
1.00,0.5,1,3.444218759,1,1.56853537,0.625,0.7,0
0.67,0.0,0,2.814984063,1,2.256081216,0.475,1.0,2
1.00,0.0,1,1.024821163,1,5.06425541,0.6,0.4,1
1.00,0.0,1,5.973542634,2,0.149685826,0.7249999999999999,0.8,0
1.00,0.0,1,5.837291145,2,0.229980105,0.475,0.1,2
1.00,0.0,1,1.024696925,1,6.075607628,0.5249999999999999,0.6,1
1.00,0.0,0,5.98577224,2,1.160035081,0.55,0.5,0
1.00,0.0,1,5.845866025,2,1.240917017,0.475,0.4,2
1.00,0.9,0,8.393801705,2,0.6885245,0.44999999999999996,0.7,3
1.00,0.9,1,8.387985123,2,1.699439102,0.725,0.4,3
1.00,0.0,1,10.739853766,3,0.38583757,0.6,0.6,2
1.00,0.0,1,10.745854384,3,1.399393465,0.7250000000000001,0.5,2
0.60,0.5,0,0.492940926,1,0.542107221,0.6499999999999999,0.5,1
0.67,0.0,1,1.93796332,1,0.003518297,0.45,0.4,2
0.60,0.5,0,0.483798152,1,1.584480145,0.475,0.7,1
1.00,0.0,1,2.227312084,1,0.681382554,0.47500000000000003,0.7,4
0.67,0.0,1,1.969301886,1,1.017474167,0.825,0.6,2
1.00,0.0,0,2.847735467,1,0.103336233,0.475,0.7,3
0.60,0.5,1,0.480583586,1,2.596790757,0.75,0.8,1
1.00,0.0,0,2.210100741,1,1.697155411,0.6,0.4,4
0.67,0.0,0,1.96329975,1,2.048135332,0.475,0.4,2
0.60,0.5,1,0.480234256,1,3.617689704,0.625,0.2,1
1.00,0.0,1,2.850943719,1,1.137782687,0.65,0.1,3
0.50,0.5,0,4.487424247,1,0.47298197,0.625,0.9,0
0.60,0.5,1,0.496919379,1,4.628040204,0.5,0.5,1
0.50,0.5,0,4.494492759,1,1.49398712,0.475,0.5,0
0.50,0.0,1,4.272418599,1,1.851958417,0.5249999999999999,0.6,1
1.00,0.0,1,5.429214476,2,1.691208689,0.55,0.6,0
0.50,0.0,1,4.297784369,1,2.834306869,0.6,0.8,1
1.00,0.0,0,5.431110273,2,2.704959749,0.7249999999999999,0.8,0
1.00,0.6,1,8.57052602,2,0.529941509,0.675,0.7,5
1.00,0.6,0,8.562912741,2,1.541545068,0.4,0.9,5
0.50,0.7,1,9.418118288,2,0.660414283,0.65,0.7,0
1.00,0.0,0,10.762072607,3,0.293325468,0.7250000000000001,0.9,2
0.50,0.7,1,9.397367742,2,1.671961404,0.6249999999999999,0.9,0
1.00,0.0,0,10.757424656,3,1.304394431,0.6,0.4,2
0.60,0.5,1,0.599905322,1,0.360316465,0.625,0.4,1
0.60,0.5,1,0.612506806,1,1.413451622,0.475,0.7,1
1.00,0.9,1,1.177960792,1,0.760005461,0.575,0.6,3
0.60,0.5,1,0.63357803,1,2.422811126,0.6499999999999999,0.6,1
1.00,0.9,0,1.170534745,1,1.788252797,0.775,0.5,3
0.67,0.0,1,2.106702582,1,0.91474772,0.45,0.7,2
1.00,0.5,1,2.852461656,1,0.115986497,0.475,0.7,0
0.60,0.5,0,0.605706374,1,3.437977928,0.75,0.5,1
1.00,0.0,1,2.840132881,1,1.197403619,0.65,0.7,3
1.00,0.5,1,2.854250681,1,1.174258242,0.625,0.7,0
0.67,0.0,1,2.114770504,1,2.00356188,0.475,0.6,2
0.60,0.5,0,0.675866216,1,4.470288869,0.5,0.9,1
1.00,0.0,1,2.805085526,1,2.161143964,0.475,0.4,3
0.67,0.0,0,2.120002343,1,2.965849303,0.825,0.8,2
0.50,0.0,1,5.841872475,1,0.23182591,0.5249999999999999,0.8,1
1.00,0.0,0,5.534257772,2,0.53962168,0.475,1.0,2
0.50,0.0,1,5.842719476,1,1.242928098,0.6,0.6,1
1.00,0.0,1,5.532476059,2,1.558096968,0.475,0.7,2
1.00,0.5,1,6.168640888,2,1.940502556,0.55,0.9,1
1.00,0.5,1,6.163164985,2,2.952625506,0.5499999999999999,0.5,1
1.00,0.6,0,8.604466927,2,0.531849172,0.675,0.4,5
1.00,0.6,0,8.594148054,2,1.539739716,0.4,0.5,5
0.67,0.0,0,10.723590304,3,0.394871967,0.32499999999999996,0.5,1
1.00,0.0,1,10.491359916,3,0.642757107,0.7250000000000001,0.4,2
0.67,0.0,1,10.720881685,3,1.413590937,0.55,0.2,1
1.00,0.0,0,10.491829088,3,1.655584138,0.6,0.4,2
0.67,0.0,1,10.729353513,3,2.424228218,0.55,0.6,1
1.00,0.0,0,0.529774991,1,0.536453793,0.625,0.5,0
0.67,0.0,1,0.833607201,1,0.203358093,0.825,0.6,2
1.00,0.0,1,0.519269987,1,1.538580777,0.625,0.5,0
0.67,0.0,1,0.81159765,1,1.216387067,0.45,0.5,2
1.00,0.0,0,2.684507004,1,0.277942549,0.47500000000000003,0.5,4
1.00,0.0,0,0.514776397,1,2.553649165,0.5499999999999999,0.7,0
0.67,0.0,0,0.810429409,1,2.22714909,0.475,0.5,2
1.00,0.0,1,2.66961902,1,1.290663175,0.6,0.6,4
1.00,0.0,1,0.529194928,1,3.581947399,0.675,0.5,0
1.00,0.0,1,3.325341737,1,0.687865088,0.475,0.4,3
1.00,0.0,1,0.519084384,1,4.584133986,0.6,0.7,0
1.00,0.0,0,3.34280058,1,1.703436125,0.65,0.4,3
0.50,0.0,0,5.101125669,1,0.02769393,0.6,0.6,1
1.00,0.0,1,5.823619978,2,0.302783015,0.55,0.8,0
0.50,0.0,1,5.101008184,1,1.037636569,0.5249999999999999,0.7,1
1.00,0.0,0,5.819488957,2,1.316080572,0.7249999999999999,0.7,0
1.00,0.6,0,7.969369885,2,0.170934938,0.4,0.5,5
0.50,0.5,1,6.048613687,1,1.967325598,0.625,0.9,0
1.00,0.6,1,7.965370588,2,1.182086765,0.675,0.7,5
0.50,0.5,0,6.051562258,1,2.978767738,0.475,0.7,0
0.50,0.7,1,10.281573719,2,0.850777227,0.6249999999999999,0.6,0
0.67,0.0,1,10.816834871,3,0.379941273,0.55,0.5,1
1.00,0.0,1,10.706051224,3,0.442835555,0.6,0.7,2
0.50,0.7,1,10.283699005,2,1.86130282,0.65,0.9,0
0.67,0.0,1,10.814541041,3,1.39155189,0.55,0.5,1
1.00,0.0,1,10.720636066,3,1.450059451,0.7250000000000001,0.4,2
0.67,0.0,1,10.814720442,3,2.402048275,0.32499999999999996,0.6,1
0.80,0.0,0,0.616983836,1,0.384170212,0.625,0.6,0
1.00,0.0,0,0.952560514,1,0.112472569,0.6,0.5,1
0.80,0.0,0,0.564356381,1,1.400046646,0.5499999999999999,0.4,0
1.00,0.0,1,1.502603069,1,0.254446032,0.6,0.4,4
1.00,0.0,1,0.91901461,1,1.149769766,0.5249999999999999,0.8,1
0.80,0.0,1,0.592083458,1,2.422199931,0.6,0.6,0
1.00,0.0,1,1.509127593,1,1.287615873,0.47500000000000003,0.6,4
1.00,0.0,0,2.633068236,1,0.208259204,0.475,0.7,3
0.67,0.5,0,1.818808569,1,1.174893281,0.5499999999999999,0.4,1
0.80,0.0,1,0.6009481,1,3.480175727,0.625,0.2,0
1.00,0.0,1,2.614201085,1,1.234550343,0.65,0.5,3
0.67,0.5,0,1.80102998,1,2.204207079,0.42500000000000004,0.6,1
0.80,0.0,1,0.617573923,1,4.487676693,0.675,0.5,0
0.67,0.5,0,1.801741005,1,3.221399664,0.8,0.5,1
0.50,0.5,1,4.895120158,1,0.945711821,0.625,0.5,0
0.50,0.5,1,4.896739447,1,1.961541057,0.475,0.5,0
1.00,0.7,0,5.67182086,2,2.287470087,0.6249999999999999,0.7,0
1.00,0.0,1,7.39676717,2,0.748813336,0.5,0.4,1
1.00,0.7,1,5.681746806,2,3.298817303,0.65,0.7,0
1.00,0.0,0,7.369078747,2,1.760752522,0.525,0.5,1
1.00,0.0,1,6.056308348,2,4.057286324,0.55,0.5,0
1.00,0.0,1,6.092882982,2,5.072042683,0.7249999999999999,0.5,0
0.67,0.0,1,10.700988005,3,0.421160165,0.32499999999999996,1.0,1
1.00,0.0,0,11.261800978,3,0.74253617,0.7250000000000001,0.5,2
0.67,0.0,0,10.729916498,3,1.43230738,0.55,0.4,1
1.00,0.0,0,11.256890871,3,1.754325152,0.6,0.5,2
0.67,0.0,1,10.682026339,3,2.4418746,0.55,0.7,1
0.60,0.5,1,0.863242661,1,0.112107123,0.625,0.3,1
0.60,0.5,1,0.906713406,1,1.11982651,0.475,0.3,1
1.00,0.9,0,1.154858274,1,0.729115403,0.575,0.2,3
0.67,0.0,1,1.050545569,1,0.893804323,0.45,0.7,2
0.60,0.5,1,0.912467405,1,2.147672657,0.6499999999999999,0.7,1
0.67,0.0,1,1.074112481,1,1.905070235,0.825,0.7,2
1.00,0.9,1,1.159509669,1,1.752802812,0.775,0.8,3
0.60,0.5,0,0.883880994,1,3.189621092,0.75,0.1,1
1.00,0.5,0,2.995234977,1,0.913675409,0.625,0.5,0
1.00,0.9,0,3.012865779,1,0.906591752,0.8,0.5,4
0.67,0.0,1,1.072290348,1,2.936090648,0.475,0.2,2
1.00,0.5,0,2.985596449,1,1.924417087,0.475,0.7,0
1.00,0.9,1,3.045971205,1,1.912110907,0.5249999999999999,0.5,4
0.60,0.5,0,0.930496435,1,4.233363993,0.5,0.8,1
1.00,0.0,1,5.610829169,2,0.465045438,0.55,0.7,0
0.50,0.0,0,5.97075634,1,0.128323532,0.5249999999999999,0.5,1
1.00,0.0,0,5.599990894,2,1.478970651,0.7249999999999999,0.7,0
0.50,0.0,1,5.975387459,1,1.138953039,0.6,0.8,1
0.50,0.7,1,9.364056339,2,0.661943822,0.6249999999999999,0.7,0
1.00,0.9,1,9.864656318,2,0.236894694,0.44999999999999996,0.7,3
0.50,0.7,1,9.36698524,2,1.672276843,0.65,0.6,0
1.00,0.9,1,9.849447069,2,1.249694935,0.725,0.4,3
1.00,0.0,1,10.861718333,3,0.189389729,0.7250000000000001,0.6,2
0.67,0.0,0,10.670755294,3,0.453706971,0.32499999999999996,0.8,1
1.00,0.0,1,10.855274042,3,1.199241257,0.6,1.0,2
0.67,0.0,1,10.667249449,3,1.466286212,0.55,0.5,1
0.67,0.0,1,10.667331376,3,2.478000054,0.55,0.6,1
1.00,0.0,1,0.514462367,1,0.407164018,0.5249999999999999,0.2,1
1.00,0.0,1,0.674966903,1,0.32841626,0.625,0.7,0
1.00,0.0,1,0.522907716,1,1.45298984,0.6,0.5,1
1.00,0.0,1,0.672672732,1,1.370821079,0.5499999999999999,0.6,0
1.00,0.9,0,2.341567613,1,0.521591667,0.775,0.6,3
0.67,0.0,1,2.261811719,1,0.677279645,0.475,0.4,2
1.00,0.0,1,0.673330196,1,2.385436601,0.6,1.0,0
1.00,0.9,0,2.332125026,1,1.535011307,0.575,0.5,3
0.67,0.0,1,2.262843434,1,1.69660749,0.825,0.5,2
1.00,0.0,1,0.713255853,1,3.415832554,0.625,0.4,0
1.00,0.0,1,3.786908408,1,1.104035913,0.475,0.6,3
0.67,0.0,1,2.263076627,1,2.738958074,0.45,0.1,2
1.00,0.0,0,0.679817842,1,4.453518306,0.675,0.6,0
1.00,0.0,1,3.786236738,1,2.116428984,0.65,0.9,3
1.00,0.9,0,9.389098368,2,0.650848478,0.44999999999999996,0.7,3
1.00,0.9,1,9.365166619,2,1.667426508,0.725,0.5,3
0.67,0.6,0,10.746719419,3,0.327472616,0.775,0.8,5
1.00,0.5,1,3.681387251,1,7.357955418,0.475,0.4,0
0.67,0.6,1,10.744248978,3,1.340368991,0.47500000000000003,1.0,5
1.00,0.5,1,3.660545046,1,8.362661984,0.625,0.6,0
0.67,0.6,1,10.743604106,3,2.353931212,0.6000000000000001,0.7,5
1.00,0.0,0,5.755470237,2,7.485588823,0.55,0.6,0
1.00,0.0,1,5.736568716,2,8.496290698,0.7249999999999999,0.7,0
0.50,0.0,0,14.566142147,3,0.50479917,0.7250000000000001,0.5,2
1.00,0.7,1,5.660195196,2,9.488255135,0.65,0.6,0
0.50,0.0,0,14.546821835,3,1.514653282,0.6,0.6,2
1.00,0.7,1,5.656678442,2,10.497847233,0.6249999999999999,0.7,0
1.00,0.0,1,0.401025599,1,0.629317517,0.6,0.6,0
1.00,0.0,0,0.395398095,1,1.682719745,0.5499999999999999,0.5,0
0.67,0.0,1,2.430667907,1,0.558841376,0.825,0.7,2
1.00,0.9,0,1.939460644,1,1.003625857,0.575,0.2,3
1.00,0.0,1,0.414939638,1,2.735300018,0.625,0.2,0
1.00,0.9,1,2.000885249,1,1.973961495,0.775,0.7,3
0.67,0.0,1,2.412232858,1,1.590574911,0.45,0.4,2
1.00,0.0,0,0.431120167,1,3.759350722,0.675,0.7,0
0.67,0.0,1,2.422498692,1,2.608211493,0.475,0.7,2
1.00,0.0,1,2.629184015,1,2.368971891,0.65,0.2,3
0.50,0.0,1,4.519183178,1,0.612844247,0.6,0.7,1
1.00,0.0,1,0.44484364,1,4.735414133,0.625,0.6,0
1.00,0.0,1,2.626807227,1,3.375424284,0.475,0.8,3
0.50,0.0,0,4.503190462,1,1.624608346,0.5249999999999999,0.6,1
1.00,0.0,1,5.532783442,2,0.63913518,0.7249999999999999,0.7,0
1.00,0.0,1,5.542563839,2,1.661969793,0.55,0.6,0
0.50,0.5,1,5.721399203,1,2.374065486,0.475,0.5,0
1.00,0.6,1,9.094266437,2,0.072342018,0.4,0.8,5
0.50,0.5,1,5.71319196,1,3.39221886,0.625,0.6,0
1.00,0.6,1,9.101444896,2,1.084069421,0.675,0.3,5
1.00,0.0,1,10.47660019,3,0.61044707,0.7250000000000001,0.2,2
0.50,0.7,1,10.159215598,2,1.000091242,0.6249999999999999,0.7,0
1.00,0.0,1,10.475457422,3,1.62107992,0.6,0.7,2
0.67,0.0,1,11.240385513,3,0.931615424,0.32499999999999996,0.6,1
0.50,0.7,0,10.166323219,2,2.009216122,0.65,0.4,0
0.67,0.0,1,11.238824385,3,1.941659161,0.55,0.5,1
0.67,0.0,0,11.248916848,3,2.952410477,0.55,0.8,1
1.00,0.0,1,0.602490284,1,0.420207084,0.625,0.7,0
1.00,0.0,1,1.16718526,1,0.803162056,0.5249999999999999,0.3,1
1.00,0.9,1,1.74695653,1,0.137698291,0.775,0.3,3
1.00,0.0,0,0.60033172,1,1.430881134,0.5499999999999999,0.9,0
1.00,0.9,1,1.743857644,1,1.176616803,0.575,0.2,3
1.00,0.0,0,1.172194573,1,1.858997906,0.6,0.5,1
1.00,0.0,1,0.601338446,1,2.459582868,0.625,0.6,0
1.00,0.9,1,2.697141853,1,0.280529316,0.5249999999999999,0.5,4
0.67,0.5,1,1.87672042,1,2.126149683,0.5499999999999999,0.7,1
1.00,0.0,1,0.60070716,1,3.474656538,0.6,0.5,0
1.00,0.9,1,2.685037491,1,1.346277336,0.8,0.6,4
0.67,0.5,0,1.871967928,1,3.165678039,0.42500000000000004,0.7,1
1.00,0.0,0,0.607868278,1,4.546893127,0.675,0.7,0
0.67,0.5,1,1.869849929,1,4.183984607,0.8,1.0,1
0.50,0.5,1,4.172500909,1,1.857654163,0.625,0.5,0
0.50,0.5,1,4.216944224,1,2.824060754,0.475,0.5,0
1.00,0.0,1,5.672613236,2,2.4991672,0.7249999999999999,0.6,0
1.00,0.0,0,5.671837279,2,3.513978511,0.55,0.2,0
1.00,0.9,1,9.404716734,2,0.691363776,0.44999999999999996,0.6,3
1.00,0.7,1,5.981897779,2,4.14335615,0.65,0.5,0
1.00,0.9,0,9.402744044,2,1.707554687,0.725,0.5,3
1.00,0.7,1,5.973838346,2,5.156380675,0.6249999999999999,0.4,0
0.33,0.6,1,14.241936215,3,0.94182392,0.47500000000000003,0.6,5
0.33,0.6,0,14.219322944,3,1.954114164,0.6000000000000001,0.5,5
0.33,0.6,1,14.239618553,3,2.966085709,0.775,0.2,5
0.60,0.5,1,0.951438096,1,0.04982808,0.6499999999999999,0.7,1
1.00,0.0,0,0.614234875,1,0.403030772,0.6,0.7,1
0.60,0.5,1,0.979075033,1,1.077970485,0.5,0.5,1
1.00,0.0,1,0.611474432,1,1.411297896,0.5249999999999999,0.5,1
0.60,0.5,1,0.945677003,1,2.093952999,0.475,0.5,1
1.00,0.0,1,2.329456684,1,0.575897028,0.47500000000000003,0.5,4
1.00,0.0,1,2.507697943,1,0.420262411,0.65,0.6,3
0.60,0.5,1,0.936572225,1,2.158151716,0.625,0.6,1
1.00,0.0,1,2.504489214,1,1.42900278,0.475,1.0,3
1.00,0.0,0,2.322741057,1,1.591458287,0.6,0.5,4
1.00,0.0,1,6.011454572,2,0.095695832,0.7249999999999999,0.4,0
1.00,0.0,1,6.006663671,2,1.10426447,0.55,0.4,0
0.60,0.5,1,0.93904387,1,6.299347919,0.75,0.6,1
0.50,0.5,1,6.393907438,1,1.572897468,0.625,0.6,0
0.67,0.5,1,1.324596507,1,6.837016192,0.42500000000000004,0.5,1
0.50,0.5,1,6.396146492,1,2.583663534,0.475,0.3,0
0.67,0.5,0,1.293494417,1,7.851745952,0.8,0.9,1
0.50,0.7,1,8.42640608,2,1.611981817,0.65,0.5,0
0.67,0.5,1,1.339194821,1,8.863513032,0.5499999999999999,0.5,1
1.00,0.0,0,10.655128669,3,0.371109085,0.7250000000000001,0.4,2
0.50,0.7,1,8.412047158,2,2.622362775,0.6249999999999999,0.5,0
1.00,0.0,0,7.081613977,2,4.147175357,0.525,0.5,1
1.00,0.0,1,10.663332154,3,1.375900302,0.6,0.2,2
1.00,0.0,1,7.110096141,2,5.163154913,0.5,0.5,1
1.00,0.0,1,12.525580928,3,0.724050089,0.32499999999999996,0.6,1
1.00,0.0,1,12.550389724,3,1.736174867,0.55,0.5,1
1.00,0.0,1,12.515631059,3,2.747207298,0.55,0.4,1
1.00,0.0,1,0.462615109,1,0.561688634,0.6,0.5,0
1.00,0.0,0,1.418641065,1,0.463436313,0.6,0.5,4
1.00,0.0,1,0.489359745,1,1.624997255,0.675,0.9,0
1.00,0.0,1,1.145497845,1,0.908073066,0.6,0.4,1
1.00,0.0,0,1.434159356,1,1.480804564,0.47500000000000003,0.5,4
1.00,0.0,0,1.142277178,1,1.925773618,0.5249999999999999,0.9,1
1.00,0.0,0,0.490953729,1,2.672124629,0.625,0.5,0
0.67,0.0,1,3.038683399,1,0.924543894,0.475,0.5,2
1.00,0.9,0,2.747112671,1,1.284479751,0.5249999999999999,0.5,4
1.00,0.0,0,0.446491306,1,3.712401914,0.5499999999999999,0.5,0
0.67,0.0,0,3.034706133,1,1.942841479,0.45,0.2,2
1.00,0.9,1,2.737650866,1,2.274441256,0.8,0.7,4
1.00,0.0,1,0.462523846,1,4.701062203,0.625,0.6,0
0.67,0.0,1,3.043844864,1,2.964693021,0.825,0.7,2
1.00,0.5,1,4.063033098,1,1.892675517,0.625,0.5,0
1.00,0.0,0,6.186341395,2,0.903229455,0.525,0.7,1
1.00,0.5,1,4.079076436,1,2.904578156,0.475,0.5,0
1.00,0.0,1,6.203168267,2,1.913137041,0.5,0.6,1
1.00,0.0,0,5.616329715,2,2.573030575,0.55,0.9,0
1.00,0.0,1,5.591199955,2,3.584372945,0.7249999999999999,0.4,0
1.00,0.7,0,6.070040063,2,4.030771402,0.65,0.6,0
1.00,0.0,0,10.812373241,3,0.216880216,0.7250000000000001,0.6,2
1.00,0.7,1,6.070100313,2,5.04232429,0.6249999999999999,0.7,0
1.00,0.0,1,10.799700464,3,1.226832708,0.6,0.5,2
0.67,0.0,1,11.216435698,3,0.912732321,0.55,0.4,1
0.67,0.0,1,11.21787207,3,1.925075016,0.32499999999999996,0.6,1
0.67,0.0,1,11.226109956,3,2.935635029,0.55,0.6,1
1.00,0.0,1,0.950744115,1,0.066521964,0.6,0.5,0
1.00,0.0,0,1.264176784,1,0.714431499,0.5249999999999999,0.6,1
1.00,0.0,1,0.933137925,1,1.091289364,0.5499999999999999,0.6,0
1.00,0.0,1,0.963573616,1,2.101829931,0.625,0.8,0
1.00,0.0,0,1.262501082,1,1.732516218,0.6,0.6,1
1.00,0.9,0,2.827246659,1,0.107949306,0.8,0.6,4
1.00,0.0,1,0.965751248,1,3.111055611,0.675,0.9,0
1.00,0.9,1,2.827170223,1,1.217857193,0.5249999999999999,0.2,4
1.00,0.0,0,0.944093209,1,4.126576145,0.625,0.6,0
0.67,0.7,0,1.797939873,1,4.234805683,0.325,0.9,0
0.67,0.7,1,1.775234339,1,5.247140038,0.475,0.6,0
0.50,0.0,1,6.030849741,1,0.969843017,0.6,0.7,4
0.67,0.7,0,1.778358,1,6.256187531,0.65,0.5,0
0.50,0.0,0,6.056415385,1,1.976977029,0.47500000000000003,0.7,4
0.50,0.5,0,4.844913314,1,4.1473584,0.475,0.6,0
1.00,0.6,1,8.654227084,2,0.459086176,0.4,0.5,5
0.50,0.5,1,4.844991306,1,5.158777624,0.625,0.6,0
1.00,0.6,1,8.657605949,2,1.469422871,0.675,0.7,5
1.00,0.0,1,5.70190937,2,5.450777649,0.55,0.5,0
0.67,0.6,1,10.898232534,3,0.224158478,0.6000000000000001,0.6,5
1.00,0.0,1,10.707156762,3,0.416010024,0.7250000000000001,0.7,2
1.00,0.0,1,5.729503794,2,6.418121755,0.7249999999999999,0.7,0
0.67,0.6,1,10.90030506,3,1.234329962,0.775,0.4,5
1.00,0.0,0,10.708704537,3,1.426296456,0.6,0.1,2
0.50,0.7,0,9.775547203,2,3.305961338,0.6249999999999999,0.5,0
0.67,0.6,0,10.908934788,3,2.240893021,0.47500000000000003,0.7,5
0.50,0.7,0,9.778239932,2,4.319295541,0.65,0.5,0
1.00,0.0,1,0.648394337,1,0.380327263,0.675,0.4,0
1.00,0.9,1,1.391039075,1,0.474234165,0.575,0.6,3
1.00,0.0,1,0.596571529,1,1.391431742,0.5499999999999999,0.4,0
1.00,0.0,1,1.341160808,1,0.629725072,0.5249999999999999,0.5,1
1.00,0.9,1,1.391625179,1,1.484999394,0.775,0.2,3
1.00,0.0,1,0.634448256,1,2.407054955,0.6,0.9,0
1.00,0.0,1,1.350975878,1,1.643049319,0.6,0.5,1
1.00,0.9,1,3.239313251,1,0.670547961,0.5249999999999999,0.8,4
1.00,0.0,1,0.658610635,1,3.419277146,0.625,0.6,0
0.67,0.5,0,1.537128676,1,2.416695831,0.5499999999999999,0.2,1
0.67,0.5,1,1.524789842,1,3.43939499,0.8,0.7,1
1.00,0.0,1,0.628851043,1,4.478156331,0.625,0.5,0
1.00,0.9,0,3.237798201,1,1.747332541,0.8,0.5,4
0.67,0.5,1,1.538359847,1,4.451500122,0.42500000000000004,0.7,1
0.50,0.5,1,4.504463598,1,1.441999251,0.475,0.2,0
0.50,0.5,1,4.504554085,1,2.453956089,0.625,0.6,0
1.00,0.0,0,5.819734363,2,2.255436666,0.7249999999999999,0.5,0
1.00,0.0,0,5.829630707,2,3.265756023,0.55,0.6,0
1.00,0.0,0,10.951649505,3,0.046608789,0.6,0.3,2
0.67,0.0,1,10.973690556,3,0.085447669,0.55,0.7,1
0.50,0.7,1,10.244556585,2,0.782343005,0.6249999999999999,0.5,0
1.00,0.9,1,10.346335521,2,0.78706221,0.44999999999999996,0.5,3
1.00,0.0,1,10.951572823,3,1.070877023,0.7250000000000001,0.4,2
0.67,0.0,1,10.979798428,3,1.096643351,0.55,0.5,1
0.50,0.7,1,10.267186084,2,1.816592737,0.65,0.4,0
1.00,0.9,0,10.321526838,2,1.798071494,0.725,0.5,3
1.00,0.0,1,0.904004235,1,0.102994068,0.5249999999999999,0.2,1
0.80,0.0,1,0.470220377,1,0.590766611,0.625,0.8,0
1.00,0.0,0,0.906497175,1,1.113659266,0.6,0.7,1
0.80,0.0,1,0.473606289,1,1.625330992,0.625,0.5,0
0.67,0.0,1,2.446975583,1,0.505602388,0.825,0.5,2
1.00,0.0,1,1.958737829,1,1.024536313,0.47500000000000003,0.6,4
0.80,0.0,1,0.474765417,1,2.67173073,0.6,0.7,0
0.67,0.0,0,2.443200613,1,1.517223736,0.475,0.8,2
1.00,0.0,0,1.954636338,1,2.038972374,0.6,0.6,4
0.80,0.0,1,0.475708002,1,3.746387605,0.675,0.6,0
0.67,0.0,1,2.426868941,1,2.532281475,0.45,0.7,2
1.00,0.0,1,4.131239861,1,0.89761483,0.475,0.5,3
0.80,0.0,1,0.462877245,1,4.753732971,0.5499999999999999,0.1,0
1.00,0.0,0,4.163549183,1,1.884498364,0.65,0.5,3
1.00,0.5,1,3.306745954,1,2.770044299,0.475,0.6,0
1.00,0.0,1,6.159461403,2,0.820194958,0.475,0.7,2
1.00,0.5,0,3.300096454,1,3.781319131,0.625,0.8,0
1.00,0.0,1,6.158426738,2,1.830826719,0.475,1.0,2
1.00,0.0,1,5.743634699,2,2.514400803,0.55,0.6,0
1.00,0.0,1,5.737717464,2,3.526156751,0.7249999999999999,0.8,0
1.00,0.0,1,11.283451404,3,0.747944757,0.6,1.0,2
1.00,0.0,1,11.284224812,3,1.759365473,0.7250000000000001,0.5,2
0.67,0.6,1,13.124628459,3,0.042514228,0.775,0.6,5
0.67,0.6,1,13.129279574,3,1.054080735,0.47500000000000003,0.6,5
0.67,0.6,0,13.122447687,3,2.061992635,0.6000000000000001,0.5,5
1.00,0.0,1,0.482576732,1,0.569117071,0.6,0.5,0
0.67,0.0,1,0.73943653,1,0.379254313,0.825,0.6,2
1.00,0.0,1,0.488105347,1,1.587251821,0.625,0.9,0
0.67,0.0,1,0.691125769,1,1.361436916,0.45,0.5,2
1.00,0.0,1,0.484184318,1,2.599864259,0.675,0.7,0
1.00,0.9,0,2.155201324,1,0.820986846,0.575,1.0,3
1.00,0.9,0,2.634774954,1,0.38912021,0.5249999999999999,0.6,4
0.67,0.0,0,0.702410832,1,2.378989183,0.475,0.5,2
1.00,0.0,0,0.482503709,1,3.616354931,0.625,0.6,0
1.00,0.9,1,2.618453535,1,1.413744905,0.8,0.5,4
1.00,0.9,1,2.186250577,1,1.845578157,0.775,0.6,3
1.00,0.0,1,0.477942673,1,4.627223,0.5499999999999999,0.5,0
0.50,0.0,1,5.265503969,1,0.829944094,0.6,0.5,1
1.00,0.6,0,5.861930983,2,0.238588666,0.675,0.2,5
1.00,0.5,0,3.453854706,1,2.530713136,0.475,0.6,0
0.50,0.0,1,5.259811384,1,1.843499155,0.5249999999999999,0.6,1
1.00,0.6,1,5.859741904,2,1.258037295,0.4,0.8,5
1.00,0.5,1,3.461613023,1,3.545146204,0.625,0.6,0
1.00,0.7,0,5.876120718,2,2.200448867,0.65,0.6,0
1.00,0.7,0,5.875087598,2,3.207794579,0.6249999999999999,0.6,0
1.00,0.0,1,6.008933775,2,4.154822721,0.7249999999999999,0.6,0
1.00,0.0,0,6.011210285,2,5.165143018,0.55,0.8,0
1.00,0.0,0,10.647673655,3,0.496471624,0.6,0.4,2
1.00,0.0,1,10.651765742,3,1.508993175,0.7250000000000001,0.3,2
1.00,0.0,1,12.377458768,3,0.789361599,0.55,0.4,1
1.00,0.0,1,12.375078766,3,1.800919077,0.32499999999999996,0.6,1
1.00,0.0,1,12.374688572,3,2.812383532,0.55,1.0,1
1.00,0.0,1,0.547893791,1,0.500777621,0.625,0.9,0
0.67,0.0,1,1.873447257,1,0.105677492,0.475,0.6,2
1.00,0.0,1,0.534593192,1,1.511525717,0.5499999999999999,0.6,0
0.67,0.0,1,1.872998706,1,1.127807893,0.45,0.6,2
1.00,0.0,0,0.558083572,1,2.526658891,0.6,0.7,0
1.00,0.0,1,0.562642688,1,3.539305427,0.625,0.5,0
0.67,0.0,1,1.886814912,1,2.140954484,0.825,0.3,2
1.00,0.0,1,3.089701225,1,0.915943142,0.6,0.9,4
1.00,0.0,0,0.568591363,1,4.551304959,0.675,0.5,0
1.00,0.0,0,3.091347607,1,1.929196915,0.47500000000000003,0.4,4
0.50,0.0,1,5.774423339,1,0.283354909,0.6,0.5,1
0.50,0.5,0,4.752445541,1,1.265797634,0.475,0.5,0
1.00,0.9,1,3.669694497,1,2.36681496,0.5249999999999999,0.3,4
0.50,0.0,0,5.76939811,1,1.307075817,0.5249999999999999,0.7,1
0.50,0.5,1,4.753263702,1,2.274842899,0.625,0.4,0
1.00,0.9,1,3.668155669,1,3.378015094,0.8,0.6,4
1.00,0.0,0,5.736073427,2,2.392009205,0.7249999999999999,0.7,0
1.00,0.9,1,8.319690881,2,0.776444337,0.725,0.2,3
1.00,0.0,1,5.738504944,2,3.403597102,0.55,0.9,0
1.00,0.9,1,8.324376074,2,1.787187585,0.44999999999999996,0.5,3
0.67,0.0,1,10.574176579,3,0.523539229,0.55,0.5,1
0.50,0.7,1,10.124121342,2,0.989447342,0.65,0.6,0
0.67,0.0,1,10.584398368,3,1.53501964,0.55,0.5,1
1.00,0.0,1,12.058465244,3,0.04612965,0.7250000000000001,0.5,2
0.50,0.7,1,10.122350057,2,1.998709799,0.6249999999999999,0.7,0
0.67,0.0,0,10.581078466,3,2.548738714,0.32499999999999996,0.6,1
1.00,0.0,1,12.056129368,3,1.057356134,0.6,0.4,2
1.00,0.0,1,0.602713008,1,0.475068952,0.625,1.0,0
1.00,0.0,0,0.771519767,1,0.275720724,0.5249999999999999,0.1,1
1.00,0.0,1,0.573486049,1,1.502845974,0.5499999999999999,0.7,0
1.00,0.0,0,0.779193031,1,1.304660691,0.6,0.4,1
1.00,0.0,0,0.58789723,1,2.531199646,0.6,0.9,0
0.67,0.5,0,1.367513161,1,1.69068198,0.42500000000000004,0.6,1
1.00,0.0,1,2.310489847,1,0.67611194,0.47500000000000003,0.9,4
0.67,0.5,1,1.368642426,1,2.700618808,0.5499999999999999,0.5,1
1.00,0.0,1,0.601782296,1,3.565957485,0.675,0.4,0
1.00,0.0,0,2.299713372,1,1.705844666,0.6,0.4,4
1.00,0.0,1,0.588818147,1,4.570427322,0.625,0.6,0
0.67,0.5,1,1.36328583,1,3.734549756,0.8,0.6,1
1.00,0.9,0,2.576926715,1,2.455614247,0.8,1.0,4
1.00,0.5,1,3.15304154,1,2.864995258,0.625,0.5,0
1.00,0.9,0,2.581579019,1,3.468311131,0.5249999999999999,0.5,4
1.00,0.6,1,7.030151577,2,0.124058404,0.4,0.5,5
1.00,0.5,1,3.160180401,1,3.883209082,0.475,0.4,0
1.00,0.6,1,7.033281815,2,1.131693048,0.675,1.0,5
1.00,0.0,1,5.47730712,2,2.713844256,0.7249999999999999,0.3,0
1.00,0.0,1,5.481009705,2,3.72516557,0.55,0.4,0
1.00,0.7,1,5.960024135,2,4.183262113,0.6249999999999999,0.7,0
1.00,0.6,1,10.685882243,3,0.505183705,0.47500000000000003,0.4,5
1.00,0.0,1,10.691111684,3,0.458896668,0.7250000000000001,0.6,2
1.00,0.7,1,5.977849707,2,5.204659921,0.65,0.6,0
1.00,0.0,1,10.667779601,3,1.463730585,0.6,0.5,2
1.00,0.6,1,10.671458622,3,1.54010145,0.6000000000000001,0.7,5
1.00,0.6,1,10.670996445,3,2.550317776,0.775,0.6,5
1.00,0.0,0,0.476445006,1,0.576664769,0.625,0.6,0
1.00,0.0,1,0.457890108,1,1.612649394,0.5499999999999999,0.7,0
0.67,0.0,1,1.286571189,1,0.716731724,0.475,0.7,2
1.00,0.0,0,2.431629385,1,0.54617938,0.6,0.6,4
1.00,0.0,1,0.469309294,1,2.625274356,0.625,0.6,0
0.67,0.0,1,1.286073079,1,1.72903378,0.45,0.4,2
1.00,0.0,0,2.43327379,1,1.574546533,0.47500000000000003,0.5,4
0.67,0.0,1,1.292326343,1,2.757810222,0.825,0.2,2
1.00,0.0,1,0.475806539,1,3.670440777,0.675,0.5,0
1.00,0.9,1,2.659754248,1,2.366504861,0.5249999999999999,0.6,4
1.00,0.0,1,0.457890508,1,4.666952547,0.6,0.5,0
0.50,0.0,1,4.917398173,1,0.217757081,0.6,0.5,1
1.00,0.9,1,2.659544317,1,3.376406587,0.8,0.6,4
1.00,0.5,0,4.095774868,1,1.946719984,0.475,0.4,0
0.50,0.0,1,4.908761827,1,1.228481826,0.5249999999999999,0.5,1
1.00,0.5,0,4.089079113,1,2.957751087,0.625,0.6,0
1.00,0.0,0,5.521094993,2,2.643018077,0.7249999999999999,0.2,0
1.00,0.0,1,5.519542859,2,3.655013759,0.55,0.5,0
1.00,0.6,0,9.412753574,2,0.714618909,0.675,0.8,5
1.00,0.7,1,6.355720683,2,3.758110966,0.6249999999999999,0.5,0
1.00,0.6,1,9.393152263,2,1.727580727,0.4,0.5,5
1.00,0.0,0,10.847759595,3,0.252529068,0.7250000000000001,0.4,2
1.00,0.7,0,6.360563599,2,4.76980334,0.65,0.4,0
0.67,0.6,0,10.802906834,3,1.312805393,0.775,0.2,5
1.00,0.0,1,10.845344307,3,1.267108269,0.6,0.6,2
0.67,0.6,0,10.811047214,3,2.324359461,0.6000000000000001,0.4,5
0.80,0.0,1,0.391159961,1,0.63874784,0.5499999999999999,0.6,0
0.80,0.0,1,0.426862738,1,1.686704093,0.675,0.5,0
1.00,0.0,1,1.437435396,1,0.518867464,0.6,0.4,4
0.67,0.0,0,2.14111362,1,0.818733858,0.825,0.6,2
1.00,0.0,0,1.444746921,1,1.53727944,0.47500000000000003,0.6,4
0.80,0.0,1,0.421919095,1,2.720516727,0.625,0.6,0
0.67,0.0,0,2.129665245,1,1.834282921,0.475,0.6,2
0.80,0.0,0,0.413407407,1,3.798715117,0.6,0.2,0
1.00,0.9,0,3.147939955,1,0.925395299,0.5249999999999999,0.7,4
0.67,0.0,1,2.120430619,1,2.898536004,0.45,0.5,2
0.80,0.0,1,0.434541495,1,4.803337414,0.625,0.5,0
1.00,0.9,1,3.141602612,1,1.967252335,0.8,0.7,4
1.00,0.5,0,3.915578405,1,2.141003406,0.625,0.6,0
0.50,0.0,1,6.849407965,1,0.338126789,0.5249999999999999,0.6,1
1.00,0.5,1,3.936010411,1,3.147715278,0.475,0.3,0
0.50,0.0,0,6.854034094,1,1.348131785,0.6,0.4,1
1.00,0.7,1,7.02060064,2,1.125166504,0.6249999999999999,0.2,0
1.00,0.9,1,8.879794616,2,0.233550423,0.725,0.7,3
1.00,0.7,1,7.035468066,2,2.136962976,0.65,0.6,0
1.00,0.9,0,8.884311787,2,1.278455107,0.44999999999999996,0.2,3
0.50,0.0,0,10.025920012,2,0.242512057,0.7249999999999999,0.6,0
1.00,0.0,1,10.617327383,3,0.458064506,0.7250000000000001,0.9,2
0.67,0.0,1,10.544752079,3,0.675931931,0.55,0.5,1
0.50,0.0,1,10.030557555,2,1.257835285,0.55,0.6,0
1.00,0.0,0,10.604618407,3,1.471197637,0.6,0.5,2
0.67,0.0,1,10.549066522,3,1.68956945,0.55,0.5,1
0.67,0.0,1,10.544892668,3,2.699187702,0.32499999999999996,0.6,1
1.00,0.0,1,0.965637009,1,0.05514889,0.625,0.5,0
0.67,0.5,1,1.510606806,1,0.36723593,0.8,0.7,1
1.00,0.0,1,0.989190341,1,1.07474334,0.675,0.5,0
0.67,0.5,1,1.520462114,1,1.386645767,0.5499999999999999,0.5,1
1.00,0.0,1,0.965846021,1,2.087219582,0.5499999999999999,0.6,0
1.00,0.0,1,2.234620493,1,0.669461266,0.475,0.5,3
0.67,0.5,1,1.522150965,1,2.483373862,0.42500000000000004,0.5,1
1.00,0.0,1,2.249693594,1,1.716499204,0.65,0.4,3
1.00,0.0,0,3.371291661,1,0.672039669,0.6,0.6,4
1.00,0.0,1,3.411445086,1,1.540038582,0.47500000000000003,0.2,4
0.50,0.0,1,4.270408402,1,0.865785366,0.6,0.5,1
1.00,0.0,1,0.95668831,1,4.31362675,0.625,0.7,0
0.50,0.0,1,4.274663983,1,1.877267911,0.5249999999999999,0.4,1
1.00,0.0,0,0.966278849,1,7.397539326,0.6,0.9,0
1.00,0.6,1,8.904427304,2,0.314345484,0.675,0.6,5
1.00,0.5,1,3.596894815,1,5.5597458,0.625,0.6,0
1.00,0.6,0,8.921637969,2,1.332887667,0.4,0.4,5
1.00,0.5,1,3.646836017,1,6.524311893,0.475,0.3,0
0.67,0.6,1,11.109462533,3,0.145287947,0.47500000000000003,0.6,5
1.00,0.0,1,5.697449161,2,5.671892216,0.55,0.5,0
1.00,0.0,1,11.257017058,3,0.864358477,0.6,0.5,2
0.67,0.6,1,11.095687173,3,1.156498056,0.6000000000000001,0.5,5
1.00,0.0,0,5.69774447,2,6.683284616,0.7249999999999999,0.5,0
1.00,0.0,1,11.266273429,3,1.883729393,0.7250000000000001,0.9,2
0.67,0.6,1,11.10263312,3,2.166109876,0.775,0.6,5
1.00,0.7,1,6.042850243,2,7.238305826,0.6249999999999999,0.5,0
1.00,0.7,1,6.049495114,2,8.249982247,0.65,0.6,0
1.00,0.5,1,0.6156078,1,0.309780558,0.625,0.5,0
1.00,0.9,0,1.573528761,1,0.315327637,0.575,0.5,3
1.00,0.5,1,0.620447283,1,1.335443141,0.475,1.0,0
1.00,0.9,1,1.592032825,1,1.327308179,0.775,0.6,3
0.67,0.5,1,2.110866974,1,0.928647764,0.42500000000000004,0.5,1
1.00,0.0,0,0.817448489,1,2.338350508,0.6,0.5,0
1.00,0.9,0,3.33957053,1,0.67763636,0.5249999999999999,0.6,4
0.67,0.5,1,2.106847917,1,1.966368203,0.8,0.4,1
1.00,0.0,1,0.815542658,1,3.357152133,0.625,0.4,0
1.00,0.9,1,3.321720923,1,1.705147104,0.8,1.0,4
0.67,0.5,1,2.123420186,1,2.984825643,0.5499999999999999,0.6,1
1.00,0.0,1,0.819549605,1,4.37501756,0.675,0.7,0
0.50,0.0,0,4.362648944,1,1.793191642,0.5249999999999999,0.5,1
1.00,0.0,1,0.81911321,1,5.382225198,0.625,1.0,0
0.50,0.0,1,4.365247262,1,2.807627205,0.6,0.6,1
1.00,0.0,0,0.805074498,1,6.391445413,0.5499999999999999,0.5,0
1.00,0.0,0,5.749545821,2,2.454145547,0.55,0.7,0
1.00,0.9,1,8.810382831,2,0.303984763,0.44999999999999996,0.5,3
1.00,0.0,1,5.747195383,2,3.464503866,0.7249999999999999,0.8,0
1.00,0.9,1,8.803339611,2,1.314559189,0.725,0.5,3
1.00,0.0,1,10.935631159,3,0.200139427,0.7250000000000001,0.5,2
0.50,0.7,1,10.424976719,2,0.751828906,0.65,0.2,0
0.67,0.0,0,10.764178331,3,0.464428663,0.55,0.5,1
1.00,0.0,0,10.928711835,3,1.213591913,0.6,0.7,2
0.50,0.7,1,10.422000232,2,1.761740649,0.6249999999999999,0.8,0
0.67,0.0,1,10.778102357,3,1.473971485,0.55,0.8,1
1.00,0.0,0,0.451307892,1,0.584765162,0.625,0.7,0
1.00,0.0,1,0.460164982,1,0.569394112,0.5249999999999999,0.2,1
1.00,0.0,1,0.473387125,1,1.617424492,0.625,0.4,0
1.00,0.9,1,1.213580897,1,0.7379502,0.775,0.5,3
1.00,0.0,1,0.462806955,1,1.622975453,0.6,0.9,1
1.00,0.0,1,0.44819288,1,2.630398406,0.5499999999999999,0.7,0
1.00,0.9,1,1.213396184,1,1.740834446,0.575,0.8,3
1.00,0.9,1,2.517039029,1,0.486505237,0.5249999999999999,0.5,4
0.67,0.5,1,1.862962023,1,1.17158952,0.8,0.6,1
1.00,0.0,1,0.472669459,1,3.654877522,0.675,0.4,0
1.00,0.9,0,2.512168384,1,1.507264485,0.8,1.0,4
0.67,0.5,1,1.879016898,1,2.200806459,0.42500000000000004,0.5,1
1.00,0.0,0,0.455627771,1,4.674880319,0.6,0.3,0
0.67,0.5,0,1.891123595,1,3.210939677,0.5499999999999999,0.5,1
0.50,0.5,1,4.577471661,1,1.412119304,0.625,0.7,0
0.50,0.5,1,4.577903908,1,2.425492503,0.475,0.9,0
1.00,0.0,1,5.927438587,2,2.203775266,0.55,0.4,0
1.00,0.0,1,5.934644026,2,3.219377821,0.7249999999999999,0.4,0
1.00,0.6,1,9.299625216,2,0.836004208,0.675,0.5,5
1.00,0.6,1,9.285125037,2,1.850534723,0.4,0.6,5
0.67,0.0,1,10.641015706,3,0.537461473,0.55,0.8,1
1.00,0.0,1,11.094536378,3,0.985261546,0.6,0.7,2
0.67,0.0,1,10.654537299,3,1.548897869,0.32499999999999996,1.0,1
1.00,0.0,1,11.094552759,3,1.998514137,0.7250000000000001,0.5,2
0.67,0.0,1,10.655452047,3,2.560584059,0.55,0.5,1
0.67,0.0,1,0.799586741,1,0.05075371,0.475,0.7,2
0.60,0.0,1,0.271019502,1,0.698063591,0.6,1.0,0
0.67,0.0,1,0.799844021,1,1.111839039,0.825,0.7,2
0.60,0.0,1,1.078707849,1,1.002940873,0.675,0.5,0
0.67,0.0,1,0.797724849,1,2.119524197,0.45,0.6,2
1.00,0.9,1,2.403041078,1,0.497123182,0.775,0.5,3
0.60,0.0,1,1.078947383,1,2.015829011,0.625,0.3,0
1.00,0.9,1,3.434816613,1,0.46156113,0.5249999999999999,0.2,4
1.00,0.9,1,2.40278078,1,1.524257242,0.575,0.6,3
0.50,0.0,0,4.190296219,1,0.776974991,0.6,0.5,1
1.00,0.9,1,3.424910352,1,1.477217778,0.8,0.6,4
0.50,0.0,1,4.185611151,1,1.785619468,0.5249999999999999,0.2,1
0.60,0.0,1,1.03903242,1,5.052343747,0.5499999999999999,0.7,0
1.00,0.0,0,6.270125353,2,0.676932371,0.475,0.7,2
0.60,0.0,0,1.063477576,1,6.058801714,0.625,0.8,0
1.00,0.0,1,6.271898841,2,1.687976184,0.475,0.4,2
1.00,0.5,1,4.286239028,1,3.703082735,0.475,1.0,0
1.00,0.6,1,8.625329062,2,0.398835917,0.4,0.8,5
1.00,0.5,1,4.280551213,1,4.713332658,0.625,1.0,0
1.00,0.6,1,8.628745415,2,1.410858087,0.675,0.7,5
1.00,0.0,1,5.508250264,2,4.618346055,0.55,0.8,0
1.00,0.0,1,5.503713193,2,5.630371832,0.7249999999999999,0.5,0
0.67,0.6,1,11.290556697,3,0.768950436,0.47500000000000003,0.9,5
1.00,0.0,1,11.10730226,3,0.898828678,0.6,0.5,2
0.67,0.6,1,11.275962171,3,1.779795559,0.775,0.6,5
1.00,0.0,1,11.112250654,3,1.909762356,0.7250000000000001,0.1,2
0.67,0.6,1,11.274977327,3,2.793651915,0.6000000000000001,0.7,5
1.00,0.0,1,0.694226048,1,0.340296934,0.625,0.8,0
1.00,0.0,1,1.111613867,1,0.928541711,0.5249999999999999,0.6,1
1.00,0.0,1,0.67872962,1,1.404930924,0.625,0.8,0
1.00,0.0,1,1.114958064,1,1.943203674,0.6,0.7,1
1.00,0.0,1,2.738779243,1,0.236651972,0.6,0.4,4
1.00,0.0,0,0.669635182,1,2.421740134,0.5499999999999999,0.1,0
0.67,0.5,1,1.882958496,1,2.13634525,0.8,0.5,1
1.00,0.0,1,0.690223373,1,3.460647298,0.675,0.5,0
1.00,0.0,1,2.744007196,1,1.276203455,0.47500000000000003,0.8,4
0.67,0.5,1,1.899576434,1,3.150473452,0.42500000000000004,0.5,1
1.00,0.0,1,0.689491739,1,4.466648289,0.6,0.4,0
1.00,0.9,1,3.533808322,1,1.516464851,0.5249999999999999,0.6,4
0.67,0.5,1,1.912298041,1,4.161497917,0.5499999999999999,0.6,1
1.00,0.5,1,4.177658747,1,1.842905486,0.625,0.5,0
1.00,0.9,1,3.52699167,1,2.531372241,0.8,0.6,4
1.00,0.0,1,6.453215422,2,0.671348002,0.525,0.5,1
1.00,0.5,1,4.183167231,1,2.858918799,0.475,0.8,0
1.00,0.7,0,5.719020145,2,2.387413501,0.65,0.5,0
1.00,0.0,1,6.458442837,2,1.724278734,0.5,0.7,1
1.00,0.7,1,5.709918811,2,3.402050783,0.6249999999999999,0.6,0
1.00,0.0,1,5.833998599,2,4.355964763,0.7249999999999999,0.5,0
1.00,0.0,1,5.841641373,2,5.366904954,0.55,0.6,0
1.00,0.0,1,12.395656178,3,0.840339702,0.32499999999999996,0.4,1
1.00,0.0,1,12.38316619,3,1.851737051,0.55,0.9,1
1.00,0.0,1,12.384619702,3,2.863099685,0.55,0.4,1
1.00,0.0,1,0.40657118,1,0.638722646,0.625,0.6,0
1.00,0.0,1,0.401610594,1,1.651979955,0.6,0.9,0
1.00,0.9,1,1.27356026,1,0.567997322,0.575,0.5,3
1.00,0.9,1,1.289096778,1,1.580996496,0.775,0.6,3
0.67,0.5,0,2.100404467,1,0.831875874,0.42500000000000004,0.6,1
1.00,0.9,1,2.771987236,1,0.11991694,0.5249999999999999,0.7,4
1.00,0.0,1,0.393876449,1,2.674495401,0.625,0.6,0
0.67,0.5,1,2.11839994,1,1.836302539,0.5499999999999999,0.6,1
1.00,0.0,1,0.37710661,1,3.679252795,0.5499999999999999,0.4,0
1.00,0.9,1,2.744993837,1,1.183199683,0.8,0.5,4
0.67,0.5,0,2.076107738,1,2.851040452,0.8,0.5,1
1.00,0.0,0,0.402379081,1,4.69390661,0.675,0.5,0
0.50,0.0,1,4.250862763,1,1.786711562,0.6,0.6,1
1.00,0.5,1,3.250502189,1,2.643191437,0.475,0.5,0
1.00,0.5,1,3.173028041,1,3.653631208,0.625,0.3,0
0.50,0.0,1,4.249565422,1,2.795454821,0.5249999999999999,1.0,1
1.00,0.0,0,5.579152726,2,2.509282691,0.55,1.0,0
1.00,0.0,1,5.561170612,2,3.519680961,0.7249999999999999,0.5,0
0.50,0.7,1,8.871721838,2,1.105832323,0.65,0.4,0
1.00,0.6,1,9.489383001,2,0.602198389,0.675,0.5,5
0.50,0.7,1,8.870490066,2,2.118390902,0.6249999999999999,0.1,0
0.67,0.0,1,10.642396686,3,0.425374171,0.55,0.6,1
1.00,0.6,1,9.487885356,2,1.612917695,0.4,0.5,5
0.67,0.0,1,10.618877645,3,1.435765938,0.55,0.8,1
0.67,0.0,1,10.630470911,3,2.448106034,0.32499999999999996,0.5,1
1.00,0.0,0,0.499431854,1,0.52476332,0.6,0.5,0
0.67,0.5,1,1.461412236,1,0.453103545,0.5499999999999999,0.4,1
1.00,0.0,0,0.465992151,1,1.535788306,0.5499999999999999,0.7,0
1.00,0.9,1,1.96839293,1,0.906523831,0.775,0.8,3
1.00,0.0,0,0.469979621,1,2.553906819,0.625,0.6,0
0.67,0.5,1,1.470377084,1,1.44725453,0.8,0.7,1
0.67,0.5,0,1.486171093,1,2.452448394,0.42500000000000004,0.5,1
1.00,0.9,1,3.583090994,1,0.342901833,0.5249999999999999,0.5,4
1.00,0.9,0,1.969269394,1,1.967756532,0.575,0.7,3
1.00,0.0,1,0.520187717,1,3.635197685,0.625,0.5,0
1.00,0.9,1,3.575196231,1,1.363827603,0.8,0.6,4
1.00,0.0,1,0.515350162,1,4.598321981,0.675,0.6,0
0.50,0.0,0,4.476361919,1,0.553725328,0.5249999999999999,0.5,1
0.50,0.5,1,4.875196989,1,1.049514408,0.625,0.4,0
0.50,0.0,1,4.484928991,1,1.567929065,0.6,0.8,1
0.50,0.5,1,4.883285299,1,2.061043875,0.475,1.0,0
1.00,0.0,0,5.639549243,2,2.418193759,0.55,0.5,0
1.00,0.6,1,8.488666788,2,0.55959461,0.4,0.7,5
1.00,0.0,1,5.653726488,2,3.430093164,0.7249999999999999,0.5,0
1.00,0.6,1,8.500045317,2,1.573781723,0.675,0.7,5
1.00,0.7,0,5.840432416,2,4.196724844,0.65,0.4,0
1.00,0.7,0,5.839185887,2,5.208870764,0.6249999999999999,0.9,0
0.67,0.0,1,10.873737733,3,0.204635422,0.32499999999999996,0.8,1
1.00,0.0,1,11.012431162,3,0.98574592,0.7250000000000001,0.8,2
0.67,0.0,0,10.876214965,3,1.215856141,0.55,0.5,1
1.00,0.0,0,11.003615178,3,1.999286455,0.6,0.4,2
0.67,0.0,0,10.870375794,3,2.225704934,0.55,0.5,1
1.00,0.0,0,0.675662019,1,0.293990603,0.6,0.4,1
0.60,0.0,0,0.235030019,1,0.792512903,0.625,0.8,0
0.60,0.5,0,1.105081554,1,0.9373022,0.6499999999999999,0.8,1
1.00,0.9,1,1.310090804,1,0.575795169,0.575,0.4,3
1.00,0.0,0,0.662620098,1,1.344356238,0.5249999999999999,0.6,1
0.60,0.5,1,1.097258112,1,1.948560818,0.475,0.4,1
1.00,0.9,0,1.319747538,1,1.592419698,0.775,0.6,3
0.67,0.5,1,0.656258862,1,2.312074761,0.8,0.6,1
1.00,0.0,0,2.809072735,1,1.111952479,0.65,0.5,3
0.67,0.5,0,0.667339367,1,3.325768124,0.42500000000000004,0.6,1
0.50,0.5,1,4.579389564,1,0.339683177,0.625,0.5,0
1.00,0.0,1,2.800517535,1,2.133104545,0.475,0.2,3
0.67,0.5,1,0.65694981,1,4.338539245,0.5499999999999999,1.0,1
0.50,0.5,0,4.579909122,1,1.349591437,0.475,0.7,0
0.60,0.5,0,1.091802646,1,4.999581913,0.75,0.6,1
1.00,0.0,1,5.349869465,2,1.717927669,0.55,0.5,0
1.00,0.0,0,5.347559719,2,2.729102623,0.7249999999999999,0.5,0
0.60,0.5,1,1.088907596,1,7.021867593,0.625,1.0,1
1.00,0.6,0,8.720290264,2,0.392557212,0.4,0.5,5
1.00,0.5,0,5.984008313,2,4.065681299,0.525,0.9,1
1.00,0.6,1,8.725523207,2,1.403834139,0.675,0.6,5
1.00,0.0,0,10.451624289,3,0.536709451,0.7250000000000001,0.7,2
1.00,0.5,1,5.977484746,2,5.075734175,0.5,0.7,1
1.00,0.0,1,10.471216884,3,1.548053151,0.6,0.5,2
0.67,0.0,0,10.668094795,3,1.42636568,0.32499999999999996,0.6,1
0.67,0.0,1,10.664572476,3,2.446635806,0.55,0.7,1
0.67,0.0,0,10.684411097,3,3.458088209,0.55,0.5,1
1.00,0.0,1,0.468194213,1,0.560937559,0.6,0.5,0
0.67,0.0,0,0.436691932,1,0.493056055,0.825,0.6,2
1.00,0.0,1,0.480532794,1,1.576096174,0.625,0.5,0
0.67,0.0,0,0.464267781,1,1.512570397,0.45,0.5,2
1.00,0.0,1,1.042052771,1,0.992513013,0.6,0.6,1
1.00,0.0,1,0.453187864,1,2.587571608,0.625,0.8,0
1.00,0.0,1,2.091984409,1,0.799512409,0.47500000000000003,0.6,4
0.67,0.0,0,0.4626427,1,2.525402178,0.475,0.6,2
1.00,0.0,0,1.032157961,1,2.035365117,0.5249999999999999,0.4,1
1.00,0.0,1,0.481102331,1,3.59788759,0.675,0.5,0
1.00,0.0,0,3.196177862,1,0.67826408,0.475,0.5,3
1.00,0.0,1,2.094058005,1,1.810914944,0.6,0.6,4
1.00,0.0,1,3.217928984,1,1.69007086,0.65,0.7,3
1.00,0.0,0,0.457187355,1,4.613869737,0.5499999999999999,0.7,0
0.50,1.2,1,4.77431237,1,0.175142263,0.6000000000000001,0.5,4
1.00,0.0,1,5.60810331,2,0.456705632,0.7249999999999999,0.6,0
0.50,1.2,1,4.776286634,1,1.1610044,0.525,0.5,4
1.00,0.0,0,5.623949079,2,1.468025403,0.55,0.7,0
0.50,0.7,1,10.006770182,2,0.022829571,0.65,0.8,0
0.50,0.7,0,9.989380422,2,1.032924188,0.6249999999999999,0.6,0
1.00,0.9,0,10.083057609,2,1.011358395,0.44999999999999996,0.6,3
1.00,0.0,1,10.775150167,3,0.269053575,0.7250000000000001,0.4,2
0.67,0.0,1,10.537476911,3,0.559316178,0.55,0.5,1
1.00,0.9,1,10.078618155,2,2.023394221,0.725,0.8,3
1.00,0.0,1,10.772409254,3,1.279878253,0.6,0.5,2
0.67,0.0,0,10.554676952,3,1.57133291,0.55,0.4,1
0.67,0.0,0,10.548065805,3,2.58077367,0.32499999999999996,0.5,1
1.00,0.0,1,0.291100434,1,0.690763395,0.5249999999999999,0.4,1
1.00,0.0,0,0.214003006,1,0.896395736,0.675,0.9,0
0.67,0.0,1,1.748560763,1,0.236274101,0.825,0.4,2
1.00,0.0,1,0.309118417,1,1.724739179,0.6,0.7,1
1.00,0.0,1,0.214275,1,1.901541746,0.625,0.8,0
1.00,0.9,1,2.572018024,1,0.339318805,0.5249999999999999,0.4,4
0.67,0.0,1,1.745507274,1,1.246860473,0.45,0.5,2
1.00,0.0,1,0.195154252,1,2.912104251,0.625,0.5,0
1.00,0.9,0,2.563595683,1,1.349364197,0.8,0.9,4
1.00,0.0,1,0.183714742,1,3.925768195,0.5499999999999999,0.4,0
0.67,0.0,0,1.747976382,1,2.322290856,0.475,0.4,2
1.00,0.0,1,2.857193984,1,2.057794293,0.6,0.7,4
1.00,0.0,1,0.206422038,1,4.93766204,0.6,0.6,0
1.00,0.0,1,2.860784968,1,3.076076206,0.47500000000000003,0.4,4
0.50,0.5,1,4.514056492,1,1.450433699,0.475,0.7,0
0.50,0.5,0,4.513816335,1,2.466643127,0.625,0.5,0
1.00,0.0,0,5.350276541,2,2.801999679,0.7249999999999999,0.6,0
1.00,0.6,0,8.858651788,2,0.231665956,0.4,0.5,5
1.00,0.0,1,5.353691454,2,3.813208843,0.55,0.8,0
1.00,0.6,1,8.863579917,2,1.241761627,0.675,0.5,5
1.00,0.7,1,5.466254458,2,4.604714401,0.6249999999999999,0.2,0
0.67,0.0,1,10.43533704,3,0.664730975,0.55,0.6,1
1.00,0.0,1,10.547460723,3,0.524439943,0.7250000000000001,0.5,2
1.00,0.7,1,5.499125914,2,5.617947803,0.65,0.3,0
0.67,0.0,0,10.437887091,3,1.674978189,0.32499999999999996,0.5,1
1.00,0.0,0,10.530527311,3,1.538755284,0.6,0.6,2
0.67,0.0,0,10.441579997,3,2.683873655,0.55,0.6,1
